{"scene":{"id":0,"name":"模型展示","type":"Scene","visible":true,"selectable":true,"transformable":true,"copiable":false,"deleteable":false,"moveable":false,"castShadow":false,"receiveShadow":false,"position":[0,0,0],"rotation":[0,0,0],"scale":[1,1,1],"children":[{"id":1,"name":"环境光","type":"AmbientLight","visible":true,"selectable":true,"transformable":true,"copiable":true,"deleteable":true,"moveable":true,"castShadow":false,"receiveShadow":false,"position":[0,0,0],"rotation":[0,0,0],"scale":[1,1,1],"children":[],"components":[],"color":"#ffffff","intensity":1},{"id":2,"name":"平行光","type":"DirectionalLight","visible":true,"selectable":true,"transformable":true,"copiable":true,"deleteable":true,"moveable":true,"castShadow":false,"receiveShadow":false,"position":[4,6,3],"rotation":[0,0,0],"scale":[1,1,1],"children":[],"components":[],"color":"#ffffff","intensity":3,"shadowBias":0,"shadowCameraSize":10,"shadowMapSize":512},{"id":3,"name":"透视相机","type":"PerspectiveCamera","visible":true,"selectable":true,"transformable":true,"copiable":true,"deleteable":true,"moveable":true,"castShadow":false,"receiveShadow":false,"position":[0,15,30],"rotation":[-26.6,0,0],"scale":[1,1,1],"children":[],"components":[{"id":1,"type":"OrbitControls","name":"轨道控制","enabled":true,"distance":30}],"fov":45,"near":0.01,"far":1000},{"id":6,"name":"材质球模型.glb","type":"Model","visible":true,"selectable":true,"transformable":true,"copiable":true,"deleteable":true,"moveable":true,"castShadow":false,"receiveShadow":false,"position":[-0.008,0,-0.703],"rotation":[0,0,0],"scale":[1,1,1],"children":[{"id":7,"name":"PreviewSphere","type":"Mesh","visible":true,"selectable":true,"transformable":true,"copiable":false,"deleteable":false,"moveable":false,"castShadow":false,"receiveShadow":false,"position":[-4.044,0,0],"rotation":[90,0,0],"scale":[1,1,1],"children":[],"components":[],"material":{"map":{"image":"Lv-PKPz6jGe7TDIb5OEdZ","mapping":300,"wrapS":1000,"wrapT":1000,"offset":[0,0],"repeat":[1,1],"rotation":0,"center":[0,0],"colorSpace":"srgb","flipY":true},"metalnessMap":{"image":"I8c0uqeD_Jy5brddkr3XC","mapping":300,"wrapS":1000,"wrapT":1000,"offset":[0,0],"repeat":[1,1],"rotation":0,"center":[0,0],"colorSpace":"","flipY":true},"roughnessMap":{"image":"KDyo1fBo_z-CabsmPYVrS","mapping":300,"wrapS":1000,"wrapT":1000,"offset":[0,0],"repeat":[1,1],"rotation":0,"center":[0,0],"colorSpace":"","flipY":true},"aoMap":{"image":"0uX5JPtVsl8bBLc-mc2EV","mapping":300,"wrapS":1000,"wrapT":1000,"offset":[0,0],"repeat":[1,1],"rotation":0,"center":[0,0],"colorSpace":"","flipY":true},"normalMap":{"image":"Lk5seZwUD28eCq6Zre8mP","mapping":300,"wrapS":1000,"wrapT":1000,"offset":[0,0],"repeat":[1,1],"rotation":0,"center":[0,0],"colorSpace":"","flipY":true},"type":"MeshStandardMaterial"}}],"components":[{"id":"b83f4960-5bbe-43c2-a8fc-eeb6dd4ad41a","type":"Animator","name":"动画控制","enabled":true}],"modelCode":"ISJOoFmgR7QBvb7s7UZxN"}],"components":[],"index":8,"code":"d-Henr1xERzqUjnkUfFq9","ver":"1.0.0","company":"","author":"","date":"2025-05-27 03:58:18","debug":false,"backgroundColor":"rgb(53, 53, 53)","backgroundTexture":"","backgroundBlurriness":0,"backgroundIntensity":1,"backgroundRotation":0,"environmentTexture":"","environmentIntensity":1,"environmentRotation":0,"fogEnable":false,"fogColor":"#000000","fogNear":10,"fogFar":100,"shadowMapEnabled":false,"shadowMapType":1,"effectEnabled":false,"effectMultisampling":4,"effectBloomLuminanceThreshold":0.9,"effectBloomLuminanceSmoothing":0.025,"effectBloomRadius":0.85,"effectBloomIntensity":0,"effectToneMappingMode":6,"effectN8aoHalfRes":true,"effectN8aoQualityMode":"Low","effectN8aoIntensity":5,"effectN8aoRadius":5,"effectN8aoDistanceFalloff":1,"effectN8aoColor":"#000","effectVignetteTechnique":0,"effectVignetteOffset":0.5,"effectVignetteDarkness":0.5,"gridEnable":false,"gridSize":50,"gridColor1":"#444444","gridColor2":"#888888","cameraPosition":[-6.517636521001837,0.9653274715223701,2.0696602175789423],"cameraTarget":[-2.7532062590999606,-0.5807316686694921,-2.548088586407819]}}