{"scene":{"id":0,"name":"PBR环境光实现","type":"Scene","visible":true,"selectable":true,"transformable":true,"copiable":false,"deleteable":false,"moveable":false,"castShadow":false,"receiveShadow":false,"position":[0,0,0],"rotation":[0,0,0],"scale":[1,1,1],"children":[{"id":1,"name":"环境光","type":"AmbientLight","visible":true,"selectable":true,"transformable":true,"copiable":true,"deleteable":true,"moveable":true,"castShadow":false,"receiveShadow":false,"position":[0,0,0],"rotation":[0,0,0],"scale":[1,1,1],"children":[],"components":[],"color":"#ffffff","intensity":1},{"id":3,"name":"透视相机","type":"PerspectiveCamera","visible":true,"selectable":true,"transformable":true,"copiable":true,"deleteable":true,"moveable":true,"castShadow":false,"receiveShadow":false,"position":[0,15,30],"rotation":[-26.6,0,0],"scale":[1,1,1],"children":[],"components":[{"id":1,"type":"OrbitControls","name":"轨道控制","enabled":true,"distance":30}],"fov":45,"near":0.01,"far":1000},{"id":4,"name":"球体","type":"Sphere","visible":true,"selectable":true,"transformable":true,"copiable":true,"deleteable":true,"moveable":true,"castShadow":false,"receiveShadow":false,"position":[0.886,0,0],"rotation":[0,0,0],"scale":[1,1,1],"children":[],"components":[],"material":{"type":"ShaderMaterial","depthTest":true,"vertexShader":"\nvarying vec2 vUv;\n\nvarying vec3 vCameraPosition;\nvarying vec3 vNormal;\nvarying vec3 vWorldPosition;\n\nvoid main() {\n  vUv = uv;\n  vCameraPosition = cameraPosition;\n  vNormal = (transpose(inverse(modelMatrix)) * vec4(normal, 0.0)).xyz;\n  vWorldPosition = (modelMatrix * vec4(position, 1.0)).xyz;\n  gl_Position = projectionMatrix * modelViewMatrix * vec4(position, 1.0);\n}\n","fragmentShader":"#define PI 3.141592653589793\n\nuniform vec3 diffuse;\nuniform float metalness;\nuniform float roughness;\nuniform float ao;\n// uniform vec3 lightPosition;\n// uniform vec3 lightColor;\n\nvarying vec3 vCameraPosition;\nvarying vec3 vNormal;\nvarying vec3 vWorldPosition;\n\nvec3 fresnelSchlick(float cosTheta, vec3 F0) {\n  return F0 + (1.0 - F0) * pow(1.0 - cosTheta, 5.0);\n}\n\nfloat DistributionGGX(vec3 N, vec3 H, float roughness) {\n  float a = roughness * roughness;\n  float a2 = a * a;\n  float NdotH = max(dot(N, H), 0.0);\n  float NdotH2 = NdotH * NdotH;\n\t\n  float num = a2;\n  float denom = (NdotH2 * (a2 - 1.0) + 1.0);\n  denom = PI * denom * denom;\n\t\n  return num / denom;\n}\n\nfloat GeometrySchlickGGX(float NdotV, float roughness) {\n  float r = (roughness + 1.0);\n  float k = (r * r) / 8.0;\n\n  float num = NdotV;\n  float denom = NdotV * (1.0 - k) + k;\n\t\n  return num / denom;\n}\n\nfloat GeometrySmith(vec3 N, vec3 V, vec3 L, float roughness) {\n  float NdotV = max(dot(N, V), 0.0);\n  float NdotL = max(dot(N, L), 0.0);\n  float ggx1  = GeometrySchlickGGX(NdotL, roughness);\n  float ggx2  = GeometrySchlickGGX(NdotV, roughness);\n\t\n  return ggx1 * ggx2;\n}\n\nvoid main() {\n  vec3 N = normalize(vNormal); \n  vec3 V = normalize(vCameraPosition - vWorldPosition);\n\n  vec3 F0 = vec3(0.04); \n  F0 = mix(F0, diffuse, metalness);\n\n  // 初始化点光源\n  vec3 lightPositions[4] = vec3[4](vec3(2, 0, 0), vec3(-2, 0, 0), vec3(0, 0, 2), vec3(0, 0, -2));\n  vec3 lightColors[4] = vec3[4](vec3(1.0, 0.0, 0.0), vec3(0.0, 1.0, 0.0), vec3(0.0, 0.0, 1.0), vec3(1.0, 1.0, 1.0));\n\n  vec3 Lo = vec3(0.0);\n  for(int i = 0; i < 4; ++i) {\n    vec3 L = normalize(lightPositions[i] - vWorldPosition);\n    vec3 H = normalize(V + L);\n\n    float distance = length(lightPositions[i] - vWorldPosition);\n    float attenuation = 1.0 / (distance * distance);\n    vec3 radiance = lightColors[i] * attenuation;\n\n    float HdotV = max(dot(H, V), 0.0);\n\n    vec3 F = fresnelSchlick(HdotV, F0);\n    float NDF = DistributionGGX(N, H, roughness);       \n    float G = GeometrySmith(N, V, L, roughness);\n\n    float NdotV = max(dot(N, V), 0.0);\n    float NdotL = max(dot(N, L), 0.0);\n\n    vec3 numerator = NDF * G * F;\n    float denominator = 4.0 * NdotV * NdotL;\n    vec3 specular = numerator / max(denominator, 0.001);  \n\n    vec3 kS = F;\n    vec3 kD = vec3(1.0 - kS);\n\n    kD *= 1.0 - metalness; // 由于金属表面不折射光, 没有漫反射颜色, 通过归零kD来实现这个规则\n\n    Lo += (kD * diffuse / PI + specular) * radiance * NdotL;\n  }\n\n  vec3 ambient = vec3(0.03) * diffuse * ao;\n  vec3 color = ambient + Lo;\n\n  color = color / (color + vec3(1.0)); // 色调映射\n  color = pow(color, vec3(1.0 / 2.2)); // 伽马校正\n\n  gl_FragColor = vec4(color, 1.0);\n\n  // #include <tonemapping_fragment>\n  // #include <colorspace_fragment>\n}\n","uniforms":{"diffuse":{"type":"color","value":"#ffffff"},"metalness":{"type":"number","value":1},"roughness":{"type":"number","value":0.8},"ao":{"type":"number","value":1}}},"radius":0.5,"segments":[64,32],"phiLength":6.283185307179586,"thetaLength":3.141592653589793}],"components":[],"index":5,"code":"4o3fHWACo-2c1XYHfjXhJ","ver":"1.0.0","company":"","author":"","date":"2025-05-27 03:58:42","debug":false,"backgroundColor":"rgb(53, 53, 53)","backgroundTexture":"","backgroundBlurriness":0,"backgroundIntensity":1,"backgroundRotation":0,"environmentTexture":"","environmentIntensity":1,"environmentRotation":0,"fogEnable":false,"fogColor":"#000000","fogNear":10,"fogFar":100,"shadowMapEnabled":false,"shadowMapType":1,"effectEnabled":false,"effectMultisampling":4,"effectBloomLuminanceThreshold":0.9,"effectBloomLuminanceSmoothing":0.025,"effectBloomRadius":0.85,"effectBloomIntensity":0,"effectToneMappingMode":6,"effectN8aoHalfRes":true,"effectN8aoQualityMode":"Low","effectN8aoIntensity":5,"effectN8aoRadius":5,"effectN8aoDistanceFalloff":1,"effectN8aoColor":"#000","effectVignetteTechnique":0,"effectVignetteOffset":0.5,"effectVignetteDarkness":0.5,"gridEnable":false,"gridSize":50,"gridColor1":"#444444","gridColor2":"#888888","cameraPosition":[1.55522612832773,0.3389793711106705,1.5773286226713714],"cameraTarget":[0.9833915311674156,0.0785065790258992,0.3053393511426531]}}