{"scene":{"id":0,"name":"材质展示","type":"Scene","visible":true,"selectable":true,"transformable":true,"copiable":false,"deleteable":false,"moveable":false,"castShadow":false,"receiveShadow":false,"position":[0,0,0],"rotation":[0,0,0],"scale":[1,1,1],"children":[{"id":1,"name":"环境光","type":"AmbientLight","visible":true,"selectable":true,"transformable":true,"copiable":true,"deleteable":true,"moveable":true,"castShadow":false,"receiveShadow":false,"position":[0,0,0],"rotation":[0,0,0],"scale":[1,1,1],"children":[],"components":[],"color":"#ffffff","intensity":1},{"id":2,"name":"平行光","type":"DirectionalLight","visible":true,"selectable":true,"transformable":true,"copiable":true,"deleteable":true,"moveable":true,"castShadow":false,"receiveShadow":false,"position":[4,6,3],"rotation":[0,0,0],"scale":[1,1,1],"children":[],"components":[],"color":"#ffffff","intensity":3,"shadowBias":0,"shadowCameraSize":10,"shadowMapSize":512},{"id":3,"name":"透视相机","type":"PerspectiveCamera","visible":true,"selectable":true,"transformable":true,"copiable":true,"deleteable":true,"moveable":true,"castShadow":false,"receiveShadow":false,"position":[1.857,0.416,2.236],"rotation":[-10.6,39.3,6.8],"scale":[1,1,1],"children":[],"components":[{"id":1,"type":"OrbitControls","name":"轨道控制","enabled":true,"distance":3}],"fov":45,"near":0.01,"far":1000},{"id":"13e427a0-1053-4d6c-bb74-049218ce8ff2","name":"材质球模型.glb","type":"Model","visible":true,"selectable":true,"transformable":true,"copiable":true,"deleteable":true,"moveable":true,"castShadow":false,"receiveShadow":false,"position":[0,0,0],"rotation":[0,0,0],"scale":[1,1,1],"children":[{"id":"1a98e9e7-9633-48d1-9110-695f906847c6","name":"PreviewSphere","type":"Mesh","visible":true,"selectable":true,"transformable":true,"copiable":false,"deleteable":false,"moveable":false,"castShadow":false,"receiveShadow":false,"position":[0,0,0],"rotation":[90,0,0],"scale":[1,1,1],"children":[],"components":[],"material":"937b18f3-d370-44cf-a304-a42d963e75a9"}],"components":[{"id":"35f7a2fb-d3e9-46e3-b986-2f046bb023d1","type":"Animator","name":"动画控制","enabled":true},{"id":"c5a40628-5af2-411e-aecb-d8a181aa83fe","type":"SimpleScript","name":"脚本","enabled":true,"script":"class Script {\n  constructor(entity, scene) {\n    this.entity = entity\n    this.scene = scene\n  }\n\n  /** 脚本启用时调用 */\n  onEnable() {}\n\n  /** 脚本禁用时调用 */\n  onDisable() {}\n\n  /** 场景初始化完成调用 */\n  start() {\n             \n  }\n\n  /** 场景每帧渲染时调用, delta为每帧时间, 单位秒 */\n  update(delta) {\n    this.entity.rotation.y += delta * 0.02\n  }\n\n  /** 模型销毁时调用 */\n  destroy() {\n    \n  }\n}"}],"modelCode":"ISJOoFmgR7QBvb7s7UZxN"}],"components":[],"code":"1R5z3IpFlZtjP_9Kp4M8x","ver":"1.0.0","company":"","author":"","date":"2025-06-14 04:57:17","debug":false,"backgroundColor":"rgb(53, 53, 53)","backgroundTexture":"","backgroundBlurriness":0,"backgroundIntensity":1,"backgroundRotation":0,"environmentTexture":"","environmentIntensity":1,"environmentRotation":0,"fogEnable":false,"fogColor":"#000000","fogNear":10,"fogFar":100,"shadowMapEnabled":false,"shadowMapType":1,"effectEnabled":true,"effectMultisampling":0,"effectBloomLuminanceThreshold":0.5,"effectBloomLuminanceSmoothing":0.025,"effectBloomRadius":0.85,"effectBloomIntensity":3,"effectToneMappingMode":6,"effectN8aoHalfRes":false,"effectN8aoQualityMode":"High","effectN8aoIntensity":5,"effectN8aoRadius":5,"effectN8aoDistanceFalloff":1,"effectN8aoColor":"#000000","effectVignetteTechnique":0,"effectVignetteOffset":0.5,"effectVignetteDarkness":0.5,"gridEnable":false,"gridSize":50,"gridColor1":"#444444","gridColor2":"#888888","cameraPosition":[1.502236507725093,0.3045280947253339,2.503855495525655],"cameraTarget":[0.050630880197065777,0.010794653336349245,0.06703039206256094]},"materials":[{"id":"937b18f3-d370-44cf-a304-a42d963e75a9","name":"Sphere","type":"MeshStandardMaterial","transparent":false,"opacity":1,"alphaTest":0,"depthTest":true,"depthWrite":true,"side":2,"blending":1,"color":"#e7e7e7","metalness":0,"roughness":0.5,"emissive":"#000000","emissiveIntensity":1,"envMapIntensity":1,"aoMapIntensity":1,"normalScale":[1,-1],"bumpScale":1,"displacementScale":1,"displacementBias":0,"lightMapIntensity":1,"map":{"image":"Lv-PKPz6jGe7TDIb5OEdZ","mapping":300,"wrapS":1000,"wrapT":1000,"offset":[0,0],"repeat":[1,1],"center":[0,0],"rotation":0,"colorSpace":"srgb","flipY":true,"channel":0},"metalnessMap":{"image":"I8c0uqeD_Jy5brddkr3XC","mapping":300,"wrapS":1000,"wrapT":1000,"offset":[0,0],"repeat":[1,1],"center":[0,0],"rotation":0,"colorSpace":"","flipY":true,"channel":0},"roughnessMap":{"image":"KDyo1fBo_z-CabsmPYVrS","mapping":300,"wrapS":1000,"wrapT":1000,"offset":[0,0],"repeat":[1,1],"center":[0,0],"rotation":0,"colorSpace":"","flipY":true,"channel":0},"normalMap":{"image":"Lk5seZwUD28eCq6Zre8mP","mapping":300,"wrapS":1000,"wrapT":1000,"offset":[0,0],"repeat":[1,1],"center":[0,0],"rotation":0,"colorSpace":"","flipY":true,"channel":0},"aoMap":{"image":"0uX5JPtVsl8bBLc-mc2EV","mapping":300,"wrapS":1000,"wrapT":1000,"offset":[0,0],"repeat":[1,1],"center":[0,0],"rotation":0,"colorSpace":"srgb","flipY":true,"channel":0}}]}