{"scene":{"id":0,"name":"基础测试","type":"Scene","visible":true,"selectable":true,"transformable":true,"copiable":false,"deleteable":false,"moveable":false,"castShadow":false,"receiveShadow":false,"position":[0,0,0],"rotation":[0,0,0],"scale":[1,1,1],"children":[{"id":1,"name":"环境光","type":"AmbientLight","visible":true,"selectable":true,"transformable":true,"copiable":true,"deleteable":true,"moveable":true,"castShadow":false,"receiveShadow":false,"position":[0,0,0],"rotation":[0,0,0],"scale":[1,1,1],"children":[],"components":[],"color":"#ffffff","intensity":3},{"id":3,"name":"透视相机","type":"PerspectiveCamera","visible":true,"selectable":true,"transformable":true,"copiable":true,"deleteable":true,"moveable":true,"castShadow":false,"receiveShadow":false,"position":[0.044,1.608,6.006],"rotation":[-15.1,1.5,0.4],"scale":[1,1,1],"children":[],"components":[{"id":1,"type":"OrbitControls","name":"轨道控制","enabled":true,"distance":5}],"fov":45,"near":0.01,"far":1000},{"id":4,"name":"聚光灯","type":"SpotLight","visible":true,"selectable":true,"transformable":true,"copiable":true,"deleteable":true,"moveable":true,"castShadow":false,"receiveShadow":false,"position":[0,5,0],"rotation":[90,0,0],"scale":[1,1,1],"children":[],"components":[],"color":"#ffffff","intensity":5,"distance":0,"angle":30,"penumbra":1,"decay":0,"shadowBias":0,"shadowMapSize":512},{"id":5,"name":"立方体","type":"Box","visible":true,"selectable":true,"transformable":true,"copiable":true,"deleteable":true,"moveable":true,"castShadow":false,"receiveShadow":false,"position":[-1.2,0,0],"rotation":[0,0,0],"scale":[1,1,1],"children":[],"components":[{"id":"896ba98d-773b-4830-a16e-22ac6621012f","type":"SimpleScript","name":"脚本","enabled":true,"script":"class Script {\n  constructor(entity, scene) {\n    this.entity = entity\n    this.scene = scene\n  }\n\n  /** 脚本启用时调用 */\n  onEnable() { }\n\n  /** 脚本禁用时调用 */\n  onDisable() { }\n\n  /** 场景初始化完成调用 */\n  start() {\n    let clicked = false\n    this.entity.on('click', () => {\n      clicked = !clicked\n      const scale = clicked ? 1.5 : 1\n      this.entity.scale.set(scale, scale, scale)\n    })\n\n    const material = this.entity.material\n    this.entity.on('pointerover', () => {\n      material.setAttr('color', '#ff69b4')\n    })\n    this.entity.on('pointerout', () => {\n      material.setAttr('color', '#ffa500')\n    })\n  }\n\n  /** 场景每帧渲染时调用, delta为每帧时间, 单位秒 */\n  update(delta) {\n    this.entity.rotation.x += delta\n  }\n\n  /** 模型销毁时调用 */\n  destroy() {\n\n  }\n}"}],"material":{"color":"#ffa500","type":"MeshStandardMaterial"},"size":[1,1,1],"segments":[1,1,1],"radius":0},{"id":6,"name":"立方体","type":"Box","visible":true,"selectable":true,"transformable":true,"copiable":true,"deleteable":true,"moveable":true,"castShadow":false,"receiveShadow":false,"position":[1.2,0,0],"rotation":[0,0,0],"scale":[1,1,1],"children":[],"components":[{"id":"1bb6c329-2625-4d01-8e19-51efa34043bc","type":"SimpleScript","name":"脚本","enabled":true,"script":"class Script {\n  constructor(entity, scene) {\n    this.entity = entity\n    this.scene = scene\n  }\n\n  /** 脚本启用时调用 */\n  onEnable() { }\n\n  /** 脚本禁用时调用 */\n  onDisable() { }\n\n  /** 场景初始化完成调用 */\n  start() {\n    let clicked = false\n    this.entity.on('click', () => {\n      clicked = !clicked\n      const scale = clicked ? 1.5 : 1\n      this.entity.scale.set(scale, scale, scale)\n    })\n\n    const material = this.entity.material\n    this.entity.on('pointerover', () => {\n      material.setAttr('color', '#ff69b4')\n    })\n    this.entity.on('pointerout', () => {\n      material.setAttr('color', '#ffa500')\n    })\n  }\n\n  /** 场景每帧渲染时调用, delta为每帧时间, 单位秒 */\n  update(delta) {\n    this.entity.rotation.x += delta\n  }\n\n  /** 模型销毁时调用 */\n  destroy() {\n\n  }\n}"}],"material":{"color":"#ffa500","type":"MeshStandardMaterial"},"size":[1,1,1],"segments":[1,1,1],"radius":0},{"id":8,"name":"点光源","type":"PointLight","visible":true,"selectable":true,"transformable":true,"copiable":true,"deleteable":true,"moveable":true,"castShadow":false,"receiveShadow":false,"position":[-10,-10,-10],"rotation":[0,0,0],"scale":[1,1,1],"children":[],"components":[],"color":"#ffffff","intensity":3,"distance":10,"decay":0,"shadowBias":0,"shadowMapSize":512}],"components":[],"index":9,"code":"1tF0mv_Oco_KhvmnS8DWd","desc":"https://codesandbox.io/p/sandbox/rrppl0y8l4?file=%2Fsrc%2FApp.js%3A9%2C1-10%2C43","ver":"1.0.0","company":"","author":"","date":"2025-05-27 03:58:51","debug":false,"backgroundColor":"#ffffff","backgroundTexture":"","backgroundBlurriness":0,"backgroundIntensity":1,"backgroundRotation":0,"environmentTexture":"","environmentIntensity":1,"environmentRotation":0,"fogEnable":false,"fogColor":"#000000","fogNear":10,"fogFar":100,"shadowMapEnabled":false,"shadowMapType":1,"effectEnabled":false,"effectMultisampling":4,"effectBloomLuminanceThreshold":0.9,"effectBloomLuminanceSmoothing":0.025,"effectBloomRadius":0.85,"effectBloomIntensity":1,"effectToneMappingMode":6,"effectN8aoHalfRes":true,"effectN8aoQualityMode":"Low","effectN8aoIntensity":5,"effectN8aoRadius":5,"effectN8aoDistanceFalloff":1,"effectN8aoColor":"#000","effectVignetteTechnique":0,"effectVignetteOffset":0.5,"effectVignetteDarkness":0.5,"gridEnable":false,"gridSize":50,"gridColor1":"#444444","gridColor2":"#888888","cameraPosition":[0.13745072719607795,1.3101846147383498,3.7970702367168414],"cameraTarget":[0.13745072719608672,-0.26049630955562414,-0.9787475702382427]}}