{"scene":{"id":0,"name":"基础测试","type":"Scene","visible":true,"selectable":true,"transformable":true,"copiable":false,"deleteable":false,"moveable":false,"castShadow":false,"receiveShadow":false,"position":[0,0,0],"rotation":[0,0,0],"scale":[1,1,1],"children":[{"id":1,"name":"环境光","type":"AmbientLight","visible":true,"selectable":true,"transformable":true,"copiable":true,"deleteable":true,"moveable":true,"castShadow":false,"receiveShadow":false,"position":[0,0,0],"rotation":[0,0,0],"scale":[1,1,1],"children":[],"components":[],"color":"#ffffff","intensity":3},{"id":2,"name":"平行光","type":"DirectionalLight","visible":false,"selectable":true,"transformable":true,"copiable":true,"deleteable":true,"moveable":true,"castShadow":false,"receiveShadow":false,"position":[4,6,3],"rotation":[0,0,0],"scale":[1,1,1],"children":[],"components":[],"color":"#ffffff","intensity":3,"shadowBias":0,"shadowCameraSize":10,"shadowMapSize":512},{"id":3,"name":"透视相机","type":"PerspectiveCamera","visible":true,"selectable":true,"transformable":true,"copiable":true,"deleteable":true,"moveable":true,"castShadow":false,"receiveShadow":false,"position":[0,1.608,6.006],"rotation":[-15.1,1.5,0.4],"scale":[1,1,1],"children":[],"components":[{"id":1,"type":"OrbitControls","name":"轨道控制","enabled":true,"distance":5}],"fov":45,"near":0.01,"far":1000},{"id":"8cdffa21-cd0c-4b91-a6fd-8643de163dbd","name":"聚光灯","type":"SpotLight","visible":true,"selectable":true,"transformable":true,"copiable":true,"deleteable":true,"moveable":true,"castShadow":false,"receiveShadow":false,"position":[0,5,0],"rotation":[90,0,0],"scale":[1,1,1],"children":[],"components":[],"color":"#ffffff","intensity":5,"distance":0,"angle":30,"penumbra":1,"decay":0,"shadowBias":0,"shadowMapSize":512},{"id":"84ba067b-ce4b-41f3-ad6f-b45fda468cc1","name":"立方体","type":"Box","visible":true,"selectable":true,"transformable":true,"copiable":true,"deleteable":true,"moveable":true,"castShadow":false,"receiveShadow":false,"position":[-1.2,0,0],"rotation":[0,0,0],"scale":[1,1,1],"children":[],"components":[{"id":"a3dfc4be-edbf-45dd-aa23-7e96325f4ad2","type":"SimpleScript","name":"脚本","enabled":true,"script":"class Script {\n  constructor(entity, scene) {\n    this.entity = entity\n    this.scene = scene\n  }\n\n  /** 脚本启用时调用 */\n  onEnable() { }\n\n  /** 脚本禁用时调用 */\n  onDisable() { }\n\n  /** 场景初始化完成调用 */\n  start() {\n    let clicked = false\n    this.entity.on('click', () => {\n      clicked = !clicked\n      const scale = clicked ? 1.5 : 1\n      this.entity.scale.set(scale, scale, scale)\n    })\n\n    const material = this.entity.core.materialManager.getMaterial(this.entity.material)\n\n    this.entity.on('pointerover', () => {\n      material.setAttr('color', '#ff69b4')\n    })\n    this.entity.on('pointerout', () => {\n      material.setAttr('color', '#ffa500')\n    })\n  }\n\n  /** 场景每帧渲染时调用, delta为每帧时间, 单位秒 */\n  update(delta) {\n    this.entity.rotation.x += delta\n  }\n\n  /** 模型销毁时调用 */\n  destroy() {\n\n  }\n}"}],"material":"fd5657e1-a1f2-4f70-8eed-0616be2f84b9","size":[1,1,1],"segments":[1,1,1],"radius":0},{"id":"65cf3982-262d-4051-91a0-cbdbb0b75a52","name":"点光源","type":"PointLight","visible":true,"selectable":true,"transformable":true,"copiable":true,"deleteable":true,"moveable":true,"castShadow":false,"receiveShadow":false,"position":[-10,-10,-10],"rotation":[0,0,0],"scale":[1,1,1],"children":[],"components":[],"color":"#ffffff","intensity":3,"distance":10,"decay":0,"shadowBias":0,"shadowMapSize":512},{"id":"b2ef9ee9-fff1-4cef-9a39-628b7db958db","name":"立方体","type":"Box","visible":true,"selectable":true,"transformable":true,"copiable":true,"deleteable":true,"moveable":true,"castShadow":false,"receiveShadow":false,"position":[1.2,0,0],"rotation":[0,0,0],"scale":[1,1,1],"children":[],"components":[{"id":"772cae2b-003c-4a7d-b691-a2ed20e17200","type":"SimpleScript","name":"脚本","enabled":true,"script":"class Script {\n  constructor(entity, scene) {\n    this.entity = entity\n    this.scene = scene\n  }\n\n  /** 脚本启用时调用 */\n  onEnable() { }\n\n  /** 脚本禁用时调用 */\n  onDisable() { }\n\n  /** 场景初始化完成调用 */\n  start() {\n    let clicked = false\n    this.entity.on('click', () => {\n      clicked = !clicked\n      const scale = clicked ? 1.5 : 1\n      this.entity.scale.set(scale, scale, scale)\n    })\n\n    const material = this.entity.core.materialManager.getMaterial(this.entity.material)\n\n    this.entity.on('pointerover', () => {\n      material.setAttr('color', '#ff69b4')\n    })\n    this.entity.on('pointerout', () => {\n      material.setAttr('color', '#ffa500')\n    })\n  }\n\n  /** 场景每帧渲染时调用, delta为每帧时间, 单位秒 */\n  update(delta) {\n    this.entity.rotation.x += delta\n  }\n\n  /** 模型销毁时调用 */\n  destroy() {\n\n  }\n}"}],"material":"474b43f4-060e-452c-955f-ab125b4e4613","size":[1,1,1],"segments":[1,1,1],"radius":0}],"components":[],"code":"tUAWRCXB3U3ArkkkvEpCV","ver":"1.0.0","company":"","author":"","date":"2025-06-14 03:56:14","debug":false,"backgroundColor":"#ffffff","backgroundTexture":"","backgroundBlurriness":0,"backgroundIntensity":1,"backgroundRotation":0,"environmentTexture":"","environmentIntensity":1,"environmentRotation":0,"fogEnable":false,"fogColor":"#000000","fogNear":10,"fogFar":100,"shadowMapEnabled":false,"shadowMapType":1,"effectEnabled":false,"effectMultisampling":0,"effectBloomLuminanceThreshold":0.9,"effectBloomLuminanceSmoothing":0.025,"effectBloomRadius":0.85,"effectBloomIntensity":0,"effectToneMappingMode":6,"effectN8aoHalfRes":true,"effectN8aoQualityMode":"Low","effectN8aoIntensity":5,"effectN8aoRadius":5,"effectN8aoDistanceFalloff":1,"effectN8aoColor":"#000","effectVignetteTechnique":0,"effectVignetteOffset":0.5,"effectVignetteDarkness":0.5,"gridEnable":false,"gridSize":50,"gridColor1":"#444444","gridColor2":"#888888","cameraPosition":[-0.019432623187100408,1.959490017974802,4.244879501803199],"cameraTarget":[0.035551157184126464,-0.07960909988904043,0.049043727679086144]},"materials":[{"id":"fd5657e1-a1f2-4f70-8eed-0616be2f84b9","name":"default","type":"MeshStandardMaterial","transparent":false,"opacity":1,"alphaTest":0,"depthTest":true,"depthWrite":true,"side":2,"blending":1,"color":"#ffa500","metalness":0,"roughness":1,"emissive":"#000000","emissiveIntensity":1,"envMapIntensity":1,"aoMapIntensity":1,"normalScale":[1,1],"bumpScale":1,"displacementScale":1,"displacementBias":0,"lightMapIntensity":1},{"id":"474b43f4-060e-452c-955f-ab125b4e4613","name":"default","type":"MeshStandardMaterial","transparent":false,"opacity":1,"alphaTest":0,"depthTest":true,"depthWrite":true,"side":2,"blending":1,"color":"#ffa500","metalness":0,"roughness":1,"emissive":"#000000","emissiveIntensity":1,"envMapIntensity":1,"aoMapIntensity":1,"normalScale":[1,1],"bumpScale":1,"displacementScale":1,"displacementBias":0,"lightMapIntensity":1}]}