{"scene":{"id":0,"name":"PBR各部分实现","type":"Scene","visible":true,"selectable":true,"transformable":true,"copiable":false,"deleteable":false,"moveable":false,"castShadow":false,"receiveShadow":false,"position":[0,0,0],"rotation":[0,0,0],"scale":[1,1,1],"children":[{"id":1,"name":"环境光","type":"AmbientLight","visible":true,"selectable":true,"transformable":true,"copiable":true,"deleteable":true,"moveable":true,"castShadow":false,"receiveShadow":false,"position":[0,0,0],"rotation":[0,0,0],"scale":[1,1,1],"children":[],"components":[],"color":"#ffffff","intensity":1},{"id":2,"name":"平行光","type":"DirectionalLight","visible":true,"selectable":true,"transformable":true,"copiable":true,"deleteable":true,"moveable":true,"castShadow":false,"receiveShadow":false,"position":[4,6,3],"rotation":[0,0,0],"scale":[1,1,1],"children":[],"components":[],"color":"#ffffff","intensity":3,"shadowBias":0,"shadowCameraSize":10,"shadowMapSize":512},{"id":3,"name":"透视相机","type":"PerspectiveCamera","visible":true,"selectable":true,"transformable":true,"copiable":true,"deleteable":true,"moveable":true,"castShadow":false,"receiveShadow":false,"position":[0,15,30],"rotation":[-26.6,0,0],"scale":[1,1,1],"children":[],"components":[{"id":1,"type":"OrbitControls","name":"轨道控制","enabled":true,"distance":30}],"fov":45,"near":0.01,"far":1000},{"id":4,"name":"立方体","type":"Box","visible":true,"selectable":true,"transformable":true,"copiable":true,"deleteable":true,"moveable":true,"castShadow":false,"receiveShadow":false,"position":[4,5,6],"rotation":[0,0,0],"scale":[1,1,1],"children":[],"components":[],"material":{"type":"ShaderMaterial","fragmentShader":"#define PI 3.141592653589793\n\nuniform float roughness;\nuniform vec3 lightDir;\n\nvarying vec3 vCameraPosition;\nvarying vec3 vNormal;\n\nvoid main() {\n  float a2 = roughness * roughness;\n\n  vec3 h = normalize(vCameraPosition + lightDir);\n\n  float ndoth = max(dot(vNormal, h), 0.0);\n  float ndoth2 = ndoth * ndoth;\n\n  float denom = ndoth2 * (a2 - 1.0) + 1.0;\n  denom = PI * denom * denom;\n\n  denom = a2 / denom;\n\n  gl_FragColor = vec4(denom, 0.0, 0.0, 1.0);\n\n  #include <tonemapping_fragment>\n  #include <colorspace_fragment>\n}\n","side":0,"transparent":false,"depthTest":true,"depthWrite":true,"uniforms":[{"name":"roughness","type":"number","value":0},{"name":"lightDir","type":"vector3","value":[4,5,6]}],"vertexShader":"\nvarying vec2 vUv;\n\nvarying vec3 vCameraPosition;\nvarying vec3 vNormal;\n\nvoid main() {\n  vUv = uv;\n  vCameraPosition = cameraPosition;\n  vNormal = vNormal;\n  gl_Position = projectionMatrix * modelViewMatrix * vec4(position, 1.0);\n}\n"},"size":[1,1,1],"segments":[1,1,1],"radius":0},{"id":17,"name":"法线分布函数","type":"Sphere","visible":true,"selectable":true,"transformable":true,"copiable":true,"deleteable":true,"moveable":true,"castShadow":false,"receiveShadow":false,"position":[-12.549,1.817,-2.764],"rotation":[0,0,0],"scale":[1,1,1],"children":[],"components":[],"material":{"type":"ShaderMaterial","uniforms":{"roughness":{"type":"number","value":0.1},"lightPosition":{"type":"vector3","value":[4,5,6]},"f0":{"type":"number","value":0.04},"diffuse":{"type":"color","value":"#000000"},"metalness":{"type":"number","value":0.5}},"vertexShader":"\nvarying vec2 vUv;\n\nvarying vec3 vCameraPosition;\nvarying vec3 vNormal;\nvarying vec3 vWorldPosition;\n\nvoid main() {\n  vUv = uv;\n  vCameraPosition = cameraPosition;\n  vNormal = (transpose(inverse(modelMatrix)) * vec4(normal, 0.0)).xyz;\n  vWorldPosition = (modelMatrix * vec4(position, 1.0)).xyz;\n  gl_Position = projectionMatrix * modelViewMatrix * vec4(position, 1.0);\n}\n","fragmentShader":"#define PI 3.141592653589793\n\nuniform float roughness;\nuniform vec3 lightPosition;\nuniform vec3 diffuse;\nuniform float metalness;\nuniform float f0;\n\nvarying vec3 vCameraPosition;\nvarying vec3 vNormal;\nvarying vec3 vWorldPosition;\n\nfloat DistributionGGX(vec3 N, vec3 H, float a) {\n  float a2 = a * a;\n\n  float ndoth = max(dot(N, H), 0.0);\n  float ndoth2 = ndoth * ndoth;\n\n  float denom = ndoth2 * (a2 - 1.0) + 1.0;\n  denom = PI * denom * denom;\n\n  return a2 / denom;\n}\n\nvec3 fresnelSchlick(float cosTheta, vec3 F0) {\n  return F0 + (1.0 - F0) * pow(1.0 - cosTheta, 5.0);\n}\n\nvoid main() {\n  vec3 L = normalize(lightPosition - vWorldPosition);\n  vec3 V = normalize(vCameraPosition - vWorldPosition);\n  vec3 H = normalize(V + L);\n\n  vec3 F0 = vec3(f0);\n\n  float denom = DistributionGGX(vNormal, H, roughness);\n\n  F0 = mix(F0, diffuse, metalness);\n\n  float cosTheta = dot(vNormal, V);\n\n  F0 = fresnelSchlick(cosTheta, F0);\n\n  gl_FragColor = vec4(denom, denom, denom, 1.0);\n\n  #include <tonemapping_fragment>\n  #include <colorspace_fragment>\n}\n","depthTest":true},"radius":1.82,"segments":[64,32],"phiLength":6.283185307179586,"thetaLength":3.141592653589793},{"id":18,"name":"菲涅尔函数","type":"Sphere","visible":true,"selectable":true,"transformable":true,"copiable":true,"deleteable":true,"moveable":true,"castShadow":false,"receiveShadow":false,"position":[-17.814,1.817,-2.958],"rotation":[0,0,0],"scale":[1,1,1],"children":[],"components":[],"material":{"type":"ShaderMaterial","uniforms":{"roughness":{"type":"number","value":0.1},"lightPosition":{"type":"vector3","value":[4,5,6]},"f0":{"type":"number","value":0.04},"diffuse":{"type":"color","value":"#000000"},"metalness":{"type":"number","value":0.5}},"vertexShader":"\nvarying vec2 vUv;\n\nvarying vec3 vCameraPosition;\nvarying vec3 vNormal;\nvarying vec3 vWorldPosition;\n\nvoid main() {\n  vUv = uv;\n  vCameraPosition = cameraPosition;\n  vNormal = (transpose(inverse(modelMatrix)) * vec4(normal, 0.0)).xyz;\n  vWorldPosition = (modelMatrix * vec4(position, 1.0)).xyz;\n  gl_Position = projectionMatrix * modelViewMatrix * vec4(position, 1.0);\n}\n","fragmentShader":"#define PI 3.141592653589793\n\nuniform float roughness;\nuniform vec3 lightPosition;\nuniform vec3 diffuse;\nuniform float metalness;\nuniform float f0;\n\nvarying vec3 vCameraPosition;\nvarying vec3 vNormal;\nvarying vec3 vWorldPosition;\n\nfloat DistributionGGX(vec3 N, vec3 H, float a) {\n  float a2 = a * a;\n\n  float ndoth = max(dot(N, H), 0.0);\n  float ndoth2 = ndoth * ndoth;\n\n  float denom = ndoth2 * (a2 - 1.0) + 1.0;\n  denom = PI * denom * denom;\n\n  return a2 / denom;\n}\n\nvec3 fresnelSchlick(float cosTheta, vec3 F0) {\n  return F0 + (1.0 - F0) * pow(1.0 - cosTheta, 5.0);\n}\n\nvoid main() {\n  vec3 V = normalize(vCameraPosition - vWorldPosition);\n  vec3 L = normalize(lightPosition - vWorldPosition);\n  vec3 H = normalize(V + L);\n\n  vec3 F0 = vec3(f0);\n\n  float denom = DistributionGGX(vNormal, H, roughness);\n\n  F0 = mix(F0, diffuse, metalness);\n\n  float cosTheta = max(dot(vNormal, V), 0.0);\n\n  F0 = fresnelSchlick(cosTheta, F0);\n\n  gl_FragColor = vec4(F0, 1.0);\n\n  #include <tonemapping_fragment>\n  #include <colorspace_fragment>\n}\n","depthTest":true},"radius":1.82,"segments":[64,32],"phiLength":6.283185307179586,"thetaLength":3.141592653589793},{"id":19,"name":"几何分布函数","type":"Sphere","visible":true,"selectable":true,"transformable":true,"copiable":true,"deleteable":true,"moveable":true,"castShadow":false,"receiveShadow":false,"position":[-23.269,1.817,-2.764],"rotation":[0,0,0],"scale":[1,1,1],"children":[],"components":[],"material":{"type":"ShaderMaterial","uniforms":{"roughness":{"type":"number","value":0.1},"lightPosition":{"type":"vector3","value":[4,5,6]},"f0":{"type":"number","value":0.04},"diffuse":{"type":"color","value":"#000000"},"metalness":{"type":"number","value":0.5}},"vertexShader":"\nvarying vec2 vUv;\n\nvarying vec3 vCameraPosition;\nvarying vec3 vNormal;\nvarying vec3 vWorldPosition;\n\nvoid main() {\n  vUv = uv;\n  vCameraPosition = cameraPosition;\n  vNormal = (transpose(inverse(modelMatrix)) * vec4(normal, 0.0)).xyz;\n  vWorldPosition = (modelMatrix * vec4(position, 1.0)).xyz;\n  gl_Position = projectionMatrix * modelViewMatrix * vec4(position, 1.0);\n}\n","fragmentShader":"#define PI 3.141592653589793\n\nuniform float roughness;\nuniform vec3 lightPosition;\nuniform vec3 diffuse;\nuniform float metalness;\nuniform float f0;\n\nvarying vec3 vCameraPosition;\nvarying vec3 vNormal;\nvarying vec3 vWorldPosition;\n\nfloat DistributionGGX(vec3 N, vec3 H, float a) {\n  float a2 = a * a;\n\n  float ndoth = max(dot(N, H), 0.0);\n  float ndoth2 = ndoth * ndoth;\n\n  float denom = ndoth2 * (a2 - 1.0) + 1.0;\n  denom = PI * denom * denom;\n\n  return a2 / denom;\n}\n\nvec3 fresnelSchlick(float cosTheta, vec3 F0) {\n  return F0 + (1.0 - F0) * pow(1.0 - cosTheta, 5.0);\n}\n\nfloat GeometrySchlickGGX(float NdotV, float k) {\n  float nom = NdotV;\n  float denom = NdotV * (1.0 - k) + k;\n\n  return nom / denom;\n}\n\nfloat GeometrySmith(vec3 N, vec3 V, vec3 L, float k) {\n  float NdotV = max(dot(N, V), 0.0);\n  float NdotL = max(dot(N, L), 0.0);\n  float ggx1 = GeometrySchlickGGX(NdotV, k); // 视线方向的几何遮挡\n  float ggx2 = GeometrySchlickGGX(NdotL, k); // 光线方向的几何遮挡\n\n  return ggx1 * ggx2;\n}\n\nvoid main() {\n  vec3 V = normalize(vCameraPosition - vWorldPosition);\n  vec3 L = normalize(lightPosition - vWorldPosition);\n  vec3 H = normalize(V + L);\n\n  vec3 F0 = vec3(f0);\n\n  // 法线分布结果\n  float denom = DistributionGGX(vNormal, H, roughness);\n\n  // 菲涅尔方程计算\n  F0 = mix(F0, diffuse, metalness);\n\n  float cosTheta = dot(vNormal, V);\n\n  F0 = fresnelSchlick(cosTheta, F0);\n\n  // 几何分布函数计算\n  float kDirect = (roughness + 1.0) * (roughness + 1.0) / 8.0;\n  float kIBL = roughness * roughness * 0.5;\n  float geo = GeometrySmith(vNormal, V, L, kDirect);\n\n  // 漫反射部分\n  vec3 d = diffuse / PI;\n  vec3 kd = vec3(1.0) - F0;\n\n  // gl_FragColor = vec4(denom, denom, denom, 1.0);\n  // gl_FragColor = vec4(F0, 1.0);\n  gl_FragColor = vec4(geo, geo, geo, 1.0);\n\n  #include <tonemapping_fragment>\n  #include <colorspace_fragment>\n}\n","depthTest":true},"radius":1.82,"segments":[64,32],"phiLength":6.283185307179586,"thetaLength":3.141592653589793},{"id":20,"name":"叠加三项结果","type":"Sphere","visible":true,"selectable":true,"transformable":true,"copiable":true,"deleteable":true,"moveable":true,"castShadow":false,"receiveShadow":false,"position":[-29.191,1.817,-2.764],"rotation":[0,0,0],"scale":[1,1,1],"children":[],"components":[],"material":{"type":"ShaderMaterial","uniforms":{"roughness":{"type":"number","value":0.1},"lightPosition":{"type":"vector3","value":[4,5,6]},"f0":{"type":"number","value":0.04},"diffuse":{"type":"color","value":"#00ff1a"},"metalness":{"type":"number","value":0.5},"lightColor":{"type":"color","value":"#e95b15"}},"vertexShader":"\nvarying vec2 vUv;\n\nvarying vec3 vCameraPosition;\nvarying vec3 vNormal;\nvarying vec3 vWorldPosition;\n\nvoid main() {\n  vUv = uv;\n  vCameraPosition = cameraPosition;\n  vNormal = (transpose(inverse(modelMatrix)) * vec4(normal, 0.0)).xyz;\n  vWorldPosition = (modelMatrix * vec4(position, 1.0)).xyz;\n  gl_Position = projectionMatrix * modelViewMatrix * vec4(position, 1.0);\n}\n","fragmentShader":"#define PI 3.141592653589793\n\nuniform float roughness;\nuniform vec3 lightPosition;\nuniform vec3 lightColor;\nuniform vec3 diffuse;\nuniform float metalness;\nuniform float f0;\n\nvarying vec3 vCameraPosition;\nvarying vec3 vNormal;\nvarying vec3 vWorldPosition;\n\nfloat DistributionGGX(vec3 N, vec3 H, float a) {\n  float a2 = a * a;\n\n  float ndoth = max(dot(N, H), 0.0);\n  float ndoth2 = ndoth * ndoth;\n\n  float denom = ndoth2 * (a2 - 1.0) + 1.0;\n  denom = PI * denom * denom;\n\n  return a2 / denom;\n}\n\nvec3 fresnelSchlick(float cosTheta, vec3 F0) {\n  return F0 + (1.0 - F0) * pow(1.0 - cosTheta, 5.0);\n}\n\nfloat GeometrySchlickGGX(float NdotV, float k) {\n  float nom = NdotV;\n  float denom = NdotV * (1.0 - k) + k;\n\n  return nom / denom;\n}\n\nfloat GeometrySmith(vec3 N, vec3 V, vec3 L, float k) {\n  float NdotV = max(dot(N, V), 0.0);\n  float NdotL = max(dot(N, L), 0.0);\n  float ggx1 = GeometrySchlickGGX(NdotV, k); // 视线方向的几何遮挡\n  float ggx2 = GeometrySchlickGGX(NdotL, k); // 光线方向的几何遮挡\n\n  return ggx1 * ggx2;\n}\n\nvoid main() {\n  vec3 V = normalize(vCameraPosition - vWorldPosition);\n  vec3 L = normalize(lightPosition - vWorldPosition);\n  vec3 H = normalize(V + L);\n\n  vec3 F0 = vec3(f0);\n\n  // 法线分布结果\n  float denom = DistributionGGX(vNormal, H, roughness);\n\n  // 菲涅尔方程计算\n  F0 = mix(F0, diffuse, metalness);\n\n  float cosTheta = max(dot(vNormal, V), 0.0);\n\n  F0 = fresnelSchlick(cosTheta, F0);\n\n  // 几何分布函数计算\n  float kDirect = (roughness + 1.0) * (roughness + 1.0) / 8.0;\n  float kIBL = roughness * roughness * 0.5;\n  float geo = GeometrySmith(vNormal, V, L, kDirect);\n\n  // gl_FragColor = vec4(denom, denom, denom, 1.0);\n  // gl_FragColor = vec4(F0, 1.0);\n  // gl_FragColor = vec4(geo, geo, geo, 1.0);\n\n  // 漫反射部分\n  vec3 d = diffuse / PI;\n  vec3 kd = vec3(1.0) - F0;\n\n  // 辐射度计算\n  cosTheta = max(dot(vNormal, L), 0.0);\n  float attenuation = 1.0;\n  vec3 radiance = lightColor * (attenuation, cosTheta);\n\n  // 计算全部结果\n  vec3 color = kd * d + vec3(denom) * F0 * vec3(geo);\n\n  gl_FragColor = vec4(color, 1.0);\n  \n  #include <tonemapping_fragment>\n  #include <colorspace_fragment>\n}\n","depthTest":true},"radius":1.82,"segments":[64,32],"phiLength":6.283185307179586,"thetaLength":3.141592653589793},{"id":21,"name":"辐射度计算","type":"Sphere","visible":true,"selectable":true,"transformable":true,"copiable":true,"deleteable":true,"moveable":true,"castShadow":false,"receiveShadow":false,"position":[-35.237,1.817,-2.764],"rotation":[0,0,0],"scale":[1,1,1],"children":[],"components":[],"material":{"type":"ShaderMaterial","uniforms":{"roughness":{"type":"number","value":0.1},"lightPosition":{"type":"vector3","value":[4,5,6]},"f0":{"type":"number","value":0.04},"diffuse":{"type":"color","value":"#00ff1a"},"metalness":{"type":"number","value":0.5},"lightColor":{"type":"color","value":"#e95b15"}},"vertexShader":"\nvarying vec2 vUv;\n\nvarying vec3 vCameraPosition;\nvarying vec3 vNormal;\nvarying vec3 vWorldPosition;\n\nvoid main() {\n  vUv = uv;\n  vCameraPosition = cameraPosition;\n  vNormal = (transpose(inverse(modelMatrix)) * vec4(normal, 0.0)).xyz;\n  vWorldPosition = (modelMatrix * vec4(position, 1.0)).xyz;\n  gl_Position = projectionMatrix * modelViewMatrix * vec4(position, 1.0);\n}\n","fragmentShader":"#define PI 3.141592653589793\n\nuniform float roughness;\nuniform vec3 lightPosition;\nuniform vec3 lightColor;\nuniform vec3 diffuse;\nuniform float metalness;\nuniform float f0;\n\nvarying vec3 vCameraPosition;\nvarying vec3 vNormal;\nvarying vec3 vWorldPosition;\n\nfloat DistributionGGX(vec3 N, vec3 H, float a) {\n  float a2 = a * a;\n\n  float ndoth = max(dot(N, H), 0.0);\n  float ndoth2 = ndoth * ndoth;\n\n  float denom = ndoth2 * (a2 - 1.0) + 1.0;\n  denom = PI * denom * denom;\n\n  return a2 / denom;\n}\n\nvec3 fresnelSchlick(float cosTheta, vec3 F0) {\n  return F0 + (1.0 - F0) * pow(1.0 - cosTheta, 5.0);\n}\n\nfloat GeometrySchlickGGX(float NdotV, float k) {\n  float nom = NdotV;\n  float denom = NdotV * (1.0 - k) + k;\n\n  return nom / denom;\n}\n\nfloat GeometrySmith(vec3 N, vec3 V, vec3 L, float k) {\n  float NdotV = max(dot(N, V), 0.0);\n  float NdotL = max(dot(N, L), 0.0);\n  float ggx1 = GeometrySchlickGGX(NdotV, k); // 视线方向的几何遮挡\n  float ggx2 = GeometrySchlickGGX(NdotL, k); // 光线方向的几何遮挡\n\n  return ggx1 * ggx2;\n}\n\nvoid main() {\n  vec3 V = normalize(vCameraPosition - vWorldPosition);\n  vec3 L = normalize(lightPosition - vWorldPosition);\n  vec3 H = normalize(V + L);\n\n  vec3 F0 = vec3(f0);\n\n  // 法线分布结果\n  float denom = DistributionGGX(vNormal, H, roughness);\n\n  // 菲涅尔方程计算\n  F0 = mix(F0, diffuse, metalness);\n\n  float cosTheta = max(dot(vNormal, V), 0.0);\n\n  F0 = fresnelSchlick(cosTheta, F0);\n\n  // 几何分布函数计算\n  float kDirect = (roughness + 1.0) * (roughness + 1.0) / 8.0;\n  float kIBL = roughness * roughness * 0.5;\n  float geo = GeometrySmith(vNormal, V, L, kDirect);\n\n  // gl_FragColor = vec4(denom, denom, denom, 1.0);\n  // gl_FragColor = vec4(F0, 1.0);\n  // gl_FragColor = vec4(geo, geo, geo, 1.0);\n\n  // 漫反射部分\n  vec3 d = diffuse / PI;\n  vec3 kd = vec3(1.0) - F0;\n\n  // 辐射度计算\n  cosTheta = max(dot(vNormal, L), 0.0);\n  float attenuation = 1.0;\n  vec3 radiance = lightColor * (attenuation, cosTheta);\n\n  // 计算全部结果\n  vec3 color = kd * d + vec3(denom) * F0 * vec3(geo);\n\n  gl_FragColor = vec4(color * radiance, 1.0);\n  \n  #include <tonemapping_fragment>\n  #include <colorspace_fragment>\n}\n","depthTest":true},"radius":1.82,"segments":[64,32],"phiLength":6.283185307179586,"thetaLength":3.141592653589793}],"components":[],"index":22,"code":"mvOBD2nfW564156dj0uXH","ver":"1.0.0","company":"","author":"","date":"2025-05-27 03:58:47","debug":true,"backgroundColor":"rgb(53, 53, 53)","backgroundTexture":"","backgroundBlurriness":0,"backgroundIntensity":1,"backgroundRotation":0,"environmentTexture":"","environmentIntensity":1,"environmentRotation":0,"fogEnable":false,"fogColor":"#000000","fogNear":10,"fogFar":100,"shadowMapEnabled":false,"shadowMapType":1,"effectEnabled":false,"effectMultisampling":2,"effectBloomLuminanceThreshold":0.9,"effectBloomLuminanceSmoothing":0.025,"effectBloomRadius":0.85,"effectBloomIntensity":0,"effectToneMappingMode":6,"effectN8aoHalfRes":true,"effectN8aoQualityMode":"Low","effectN8aoIntensity":5,"effectN8aoRadius":5,"effectN8aoDistanceFalloff":1,"effectN8aoColor":"#000","effectVignetteTechnique":0,"effectVignetteOffset":0.5,"effectVignetteDarkness":0.5,"gridEnable":true,"gridSize":50,"gridColor1":"#444444","gridColor2":"#888888","cameraPosition":[-24.028405701042608,8.569089232603856,18.076039832996916],"cameraTarget":[-23.894400331452932,2.233415496610395,-1.5444609272568535]}}