{"scene":{"id":0,"name":"地球","type":"Scene","visible":true,"selectable":true,"transformable":true,"copiable":false,"deleteable":false,"moveable":false,"castShadow":false,"receiveShadow":false,"position":[0,0,0],"rotation":[0,0,0],"scale":[1,1,1],"children":[{"id":1,"name":"环境光","type":"AmbientLight","visible":true,"selectable":true,"transformable":true,"copiable":true,"deleteable":true,"moveable":true,"castShadow":false,"receiveShadow":false,"position":[0,0,0],"rotation":[0,0,0],"scale":[1,1,1],"children":[],"components":[],"color":"#ffffff","intensity":1},{"id":2,"name":"平行光","type":"DirectionalLight","visible":true,"selectable":true,"transformable":true,"copiable":true,"deleteable":true,"moveable":true,"castShadow":false,"receiveShadow":false,"position":[0,0,3],"rotation":[0,0,0],"scale":[1,1,1],"children":[],"components":[],"color":"#ffffff","intensity":3,"shadowBias":0,"shadowCameraSize":10,"shadowMapSize":512},{"id":3,"name":"透视相机","type":"PerspectiveCamera","visible":true,"selectable":true,"transformable":true,"copiable":true,"deleteable":true,"moveable":true,"castShadow":false,"receiveShadow":false,"position":[0.063,0.296,3.453],"rotation":[-4.1,1.6,0.1],"scale":[1,1,1],"children":[],"components":[{"id":1,"type":"OrbitControls","name":"轨道控制","enabled":true,"distance":3.5}],"fov":45,"near":0.01,"far":1000},{"id":"92dd9f31-178a-4c30-90ab-bae9aad8998c","name":"地球","type":"Sphere","visible":true,"selectable":true,"transformable":true,"copiable":true,"deleteable":true,"moveable":true,"castShadow":false,"receiveShadow":false,"position":[0,0,0],"rotation":[0,0,0],"scale":[1,1,1],"children":[],"components":[{"id":"c229afe9-b0c1-4c8d-a768-8e50807fd91d","type":"SimpleScript","name":"脚本","enabled":true,"script":"class Script {\n  constructor(entity, scene) {\n    this.entity = entity\n    this.scene = scene\n  }\n\n  /** 脚本启用时调用 */\n  onEnable() {}\n\n  /** 脚本禁用时调用 */\n  onDisable() {}\n\n  /** 场景初始化完成调用 */\n  start() {\n             \n  }\n\n  /** 场景每帧渲染时调用, delta为每帧时间, 单位秒 */\n  update(delta) {\n    this.entity.rotation.y += delta * 0.025;\n  }\n\n  /** 模型销毁时调用 */\n  destroy() {\n    \n  }\n}"}],"material":"a7bb97b5-da99-4882-8365-509521306407","radius":1,"segments":[64,32],"phiLength":6.283185307179586,"thetaLength":3.141592653589793},{"id":"b15b41f0-3c65-4857-889b-3743ea340561","name":"大气层","type":"Sphere","visible":true,"selectable":true,"transformable":true,"copiable":true,"deleteable":true,"moveable":true,"castShadow":false,"receiveShadow":false,"position":[0,0,0],"rotation":[0,0,0],"scale":[1.04,1.04,1.04],"children":[],"components":[],"material":"37df493e-1f0d-4469-afa0-6d204eec756e","radius":1,"segments":[64,32],"phiLength":6.283185307179586,"thetaLength":3.141592653589793}],"components":[],"code":"GnjjTRdzEsZ5pnDZ2PkFA","ver":"1.0.0","company":"","author":"","date":"2025-06-14 04:48:30","debug":false,"backgroundColor":"#000000","backgroundTexture":"","backgroundBlurriness":0,"backgroundIntensity":1,"backgroundRotation":0,"environmentTexture":"","environmentIntensity":1,"environmentRotation":0,"fogEnable":false,"fogColor":"#000000","fogNear":10,"fogFar":100,"shadowMapEnabled":false,"shadowMapType":1,"effectEnabled":false,"effectMultisampling":0,"effectBloomLuminanceThreshold":0.9,"effectBloomLuminanceSmoothing":0.025,"effectBloomRadius":0.85,"effectBloomIntensity":0,"effectToneMappingMode":6,"effectN8aoHalfRes":true,"effectN8aoQualityMode":"Low","effectN8aoIntensity":5,"effectN8aoRadius":5,"effectN8aoDistanceFalloff":1,"effectN8aoColor":"#000","effectVignetteTechnique":0,"effectVignetteOffset":0.5,"effectVignetteDarkness":0.5,"gridEnable":false,"gridSize":50,"gridColor1":"#444444","gridColor2":"#888888","cameraPosition":[-1.9731883410365194,0.221360429850967,2.0946621943651893],"cameraTarget":[-0.21779863006438782,0.03103069253929904,0.34796071749428953]},"materials":[{"id":"a7bb97b5-da99-4882-8365-509521306407","name":"","type":"ShaderMaterial","transparent":false,"opacity":1,"alphaTest":0,"depthTest":true,"depthWrite":true,"side":0,"blending":1,"uniforms":{"atmosphereDayColor":{"type":"color","value":"#4db2ff"},"atmosphereTwilightColor":{"type":"color","value":"#bc490b"},"roughnessLow":{"type":"number","value":0.25},"roughnessHigh":{"type":"number","value":0.35},"dayTexture":{"type":"texture","value":{"image":"Ei0oLyZoNVOK1PxA2nXa9","mapping":300,"wrapS":1000,"wrapT":1000,"rotation":0,"offset":[0,0],"repeat":[1,1],"center":[0,0],"colorSpace":"","flipY":true}},"nightTexture":{"type":"texture","value":{"image":"HCOtQ4rBT_x_BNyuQSAIe","mapping":300,"wrapS":1000,"wrapT":1000,"rotation":0,"offset":[0,0],"repeat":[1,1],"center":[0,0],"colorSpace":"","flipY":true}},"bumpRoughnessCloudsTexture":{"type":"texture","value":{"image":"VLmON8mpZBxZaHZrSwIl3","mapping":300,"wrapS":1000,"wrapT":1000,"rotation":0,"offset":[0,0],"repeat":[1,1],"center":[0,0],"colorSpace":"","flipY":true}},"uSunPosition":{"type":"vector3","value":[0,0,3]}},"vertexShader":"\nvarying vec2 vUv;\nvarying vec3 vCameraPosition;\nvarying vec3 vWorldPosition;\nvarying vec3 vNormal;\n\nvoid main() {\n  vUv = uv;\n  vCameraPosition = cameraPosition;\n  vWorldPosition = (modelMatrix * vec4(position, 1.0)).xyz;\n  vNormal = (transpose(inverse(modelMatrix)) * vec4(normal, 0.0)).xyz;\n  gl_Position = projectionMatrix * modelViewMatrix * vec4(position, 1.0);\n}\n","fragmentShader":"\nvarying vec2 vUv;\nvarying vec3 vCameraPosition;\nvarying vec3 vWorldPosition;\nvarying vec3 vNormal;\n\nuniform vec3 uSunPosition;\nuniform vec3 atmosphereDayColor;\nuniform vec3 atmosphereTwilightColor;\nuniform sampler2D bumpRoughnessCloudsTexture;\nuniform sampler2D dayTexture;\nuniform sampler2D nightTexture;\n\nvoid main() {\n  vec3 N = normalize(vNormal);\n  vec3 V = normalize(vCameraPosition - vWorldPosition);\n  float fresnel = 1.0 - abs(dot(V, N));\n\n  float sunOrientation = dot(N, normalize(uSunPosition));\n  float sunOrientationStep = smoothstep(-0.25, 0.75, sunOrientation);\n\n  vec3 atmosphereColor = mix(atmosphereTwilightColor, atmosphereDayColor, sunOrientationStep);\n\n  vec3 bumpColor = texture2D(bumpRoughnessCloudsTexture, vUv).rgb;\n  float cloudsStrength = smoothstep(0.2, 1.0, bumpColor.b);\n\n  vec3 dayColor = pow(texture2D(dayTexture, vUv).rgb, vec3(2.2));\n  vec3 color = mix(dayColor, vec3(1.0, 1.0, 1.0), cloudsStrength * 2.0);\n\n  float roughness = max(bumpColor.g, step(0.01, cloudsStrength));\n\n  vec3 nightColor = pow(texture2D(nightTexture, vUv).rgb, vec3(2.2));\n  float dayStrength = smoothstep(-0.25, 0.5, sunOrientation);\n  float atmosphereDayStrength = smoothstep(-0.5, 1.0, sunOrientation);\n  float atmosphereMix = atmosphereDayStrength * pow(fresnel, 2.0);\n  atmosphereMix = clamp(atmosphereMix, 0.0, 1.0);\n\n  vec3 finalOutput = mix(nightColor, color, dayStrength);\n\tfinalOutput = mix(finalOutput, atmosphereColor, atmosphereMix);\n\n  gl_FragColor = vec4(finalOutput, 1.0);\n\n  #include <tonemapping_fragment>\n  #include <colorspace_fragment>\n}\n"},{"id":"37df493e-1f0d-4469-afa0-6d204eec756e","name":"","type":"ShaderMaterial","transparent":true,"opacity":1,"alphaTest":0,"depthTest":true,"depthWrite":true,"side":1,"blending":1,"uniforms":{"atmosphereDayColor":{"type":"color","value":"#4db2ff"},"atmosphereTwilightColor":{"type":"color","value":"#bc490b"},"roughnessLow":{"type":"number","value":0.25},"roughnessHigh":{"type":"number","value":0.35},"dayTexture":{"type":"texture","value":{"image":"Ei0oLyZoNVOK1PxA2nXa9","mapping":300,"wrapS":1000,"wrapT":1000,"rotation":0,"offset":[0,0],"repeat":[1,1],"center":[0,0],"colorSpace":"","flipY":true}},"nightTexture":{"type":"texture","value":{"image":"HCOtQ4rBT_x_BNyuQSAIe","mapping":300,"wrapS":1000,"wrapT":1000,"rotation":0,"offset":[0,0],"repeat":[1,1],"center":[0,0],"colorSpace":"","flipY":true}},"bumpRoughnessCloudsTexture":{"type":"texture","value":{"image":"VLmON8mpZBxZaHZrSwIl3","mapping":300,"wrapS":1000,"wrapT":1000,"rotation":0,"offset":[0,0],"repeat":[1,1],"center":[0,0],"colorSpace":"","flipY":true}},"uSunPosition":{"type":"vector3","value":[0,0,3]}},"vertexShader":"\nvarying vec2 vUv;\nvarying vec3 vCameraPosition;\nvarying vec3 vWorldPosition;\nvarying vec3 vNormal;\n\nvoid main() {\n  vUv = uv;\n  vCameraPosition = cameraPosition;\n  vWorldPosition = (modelMatrix * vec4(position, 1.0)).xyz;\n  vNormal = (transpose(inverse(modelMatrix)) * vec4(normal, 0.0)).xyz;\n  gl_Position = projectionMatrix * modelViewMatrix * vec4(position, 1.0);\n}\n","fragmentShader":"\nvarying vec2 vUv;\nvarying vec3 vCameraPosition;\nvarying vec3 vWorldPosition;\nvarying vec3 vNormal;\n\nuniform vec3 uSunPosition;\nuniform vec3 atmosphereDayColor;\nuniform vec3 atmosphereTwilightColor;\nuniform sampler2D bumpRoughnessCloudsTexture;\nuniform sampler2D dayTexture;\nuniform sampler2D nightTexture;\n\nfloat remap(float x, float a, float b, float c, float d) {\n  float t = clamp((x - a) / (b - a), 0.0, 1.0);\n  //float t = (x - a) / (b - a);\n\n  return c + t * (d - c);\n}\n\nvoid main() {\n  vec3 N = normalize(vNormal);\n  vec3 V = normalize(vCameraPosition - vWorldPosition);\n  float fresnel = 1.0 - abs(dot(V, N));\n\n  float sunOrientation = dot(N, normalize(uSunPosition));\n  float sunOrientationStep = smoothstep(-0.25, 0.75, sunOrientation);\n\n  vec3 atmosphereColor = mix(atmosphereTwilightColor, atmosphereDayColor, sunOrientationStep);\n\n  float alpha = remap(fresnel, 0.75, 1.0, 1.0, 0.0);\n  alpha = pow(alpha, 1.5);\n  alpha = alpha * smoothstep(-0.5, 1.0, sunOrientation);\n  \n  gl_FragColor = vec4(atmosphereColor, alpha);\n\n  #include <tonemapping_fragment>\n  #include <colorspace_fragment>\n}\n"}]}