{"scene":{"id":0,"name":"地球","type":"Scene","visible":true,"selectable":true,"transformable":true,"copiable":false,"deleteable":false,"moveable":false,"castShadow":false,"receiveShadow":false,"position":[0,0,0],"rotation":[0,0,0],"scale":[1,1,1],"children":[{"id":1,"name":"环境光","type":"AmbientLight","visible":true,"selectable":true,"transformable":true,"copiable":true,"deleteable":true,"moveable":true,"castShadow":false,"receiveShadow":false,"position":[0,0,0],"rotation":[0,0,0],"scale":[1,1,1],"children":[],"components":[],"color":"#ffffff","intensity":1},{"id":2,"name":"sun","type":"DirectionalLight","visible":true,"selectable":true,"transformable":true,"copiable":true,"deleteable":true,"moveable":true,"castShadow":false,"receiveShadow":false,"position":[0,0,3],"rotation":[0,0,0],"scale":[1,1,1],"children":[],"components":[],"color":"#ffffff","intensity":3,"shadowBias":0,"shadowCameraSize":10,"shadowMapSize":512},{"id":3,"name":"透视相机","type":"PerspectiveCamera","visible":true,"selectable":true,"transformable":true,"copiable":true,"deleteable":true,"moveable":true,"castShadow":false,"receiveShadow":false,"position":[0.063,0.296,3.453],"rotation":[-4.1,1.6,0.1],"scale":[1,1,1],"children":[],"components":[{"id":1,"type":"OrbitControls","name":"轨道控制","enabled":true,"distance":3.5}],"fov":45,"near":0.01,"far":1000},{"id":4,"name":"globe","type":"Sphere","visible":true,"selectable":true,"transformable":true,"copiable":true,"deleteable":true,"moveable":true,"castShadow":false,"receiveShadow":false,"position":[0,0,0],"rotation":[0,0,0],"scale":[1,1,1],"children":[],"components":[{"id":"3d2ad67a-da9a-48d8-9de0-a9ed0aac7b30","type":"SimpleScript","name":"脚本","enabled":true,"script":"class Script {\n  constructor(entity, scene) {\n    this.entity = entity\n    this.scene = scene\n  }\n\n  /** 脚本启用时调用 */\n  onEnable() {}\n\n  /** 脚本禁用时调用 */\n  onDisable() {}\n\n  /** 场景初始化完成调用 */\n  start() {\n             \n  }\n\n  /** 场景每帧渲染时调用, delta为每帧时间, 单位秒 */\n  update(delta) {\n    this.entity.rotation.y += delta * 0.025;\n  }\n\n  /** 模型销毁时调用 */\n  destroy() {\n    \n  }\n}"}],"material":{"type":"ShaderMaterial","uniforms":{"atmosphereDayColor":{"type":"color","value":"#4db2ff"},"atmosphereTwilightColor":{"type":"color","value":"#bc490b"},"roughnessLow":{"type":"number","value":0.25},"roughnessHigh":{"type":"number","value":0.35},"dayTexture":{"type":"texture","value":{"image":"Ei0oLyZoNVOK1PxA2nXa9"}},"nightTexture":{"type":"texture","value":{"image":"HCOtQ4rBT_x_BNyuQSAIe"}},"bumpRoughnessCloudsTexture":{"type":"texture","value":{"image":"VLmON8mpZBxZaHZrSwIl3"}},"uSunPosition":{"type":"vector3","value":[0,0,3]}},"vertexShader":"\nvarying vec2 vUv;\nvarying vec3 vCameraPosition;\nvarying vec3 vWorldPosition;\nvarying vec3 vNormal;\n\nvoid main() {\n  vUv = uv;\n  vCameraPosition = cameraPosition;\n  vWorldPosition = (modelMatrix * vec4(position, 1.0)).xyz;\n  vNormal = (transpose(inverse(modelMatrix)) * vec4(normal, 0.0)).xyz;\n  gl_Position = projectionMatrix * modelViewMatrix * vec4(position, 1.0);\n}\n","fragmentShader":"\nvarying vec2 vUv;\nvarying vec3 vCameraPosition;\nvarying vec3 vWorldPosition;\nvarying vec3 vNormal;\n\nuniform vec3 uSunPosition;\nuniform vec3 atmosphereDayColor;\nuniform vec3 atmosphereTwilightColor;\nuniform sampler2D bumpRoughnessCloudsTexture;\nuniform sampler2D dayTexture;\nuniform sampler2D nightTexture;\n\nvoid main() {\n  vec3 N = normalize(vNormal);\n  vec3 V = normalize(vCameraPosition - vWorldPosition);\n  float fresnel = 1.0 - abs(dot(V, N));\n\n  float sunOrientation = dot(N, normalize(uSunPosition));\n  float sunOrientationStep = smoothstep(-0.25, 0.75, sunOrientation);\n\n  vec3 atmosphereColor = mix(atmosphereTwilightColor, atmosphereDayColor, sunOrientationStep);\n\n  vec3 bumpColor = texture2D(bumpRoughnessCloudsTexture, vUv).rgb;\n  float cloudsStrength = smoothstep(0.2, 1.0, bumpColor.b);\n\n  vec3 dayColor = pow(texture2D(dayTexture, vUv).rgb, vec3(2.2));\n  vec3 color = mix(dayColor, vec3(1.0, 1.0, 1.0), cloudsStrength * 2.0);\n\n  float roughness = max(bumpColor.g, step(0.01, cloudsStrength));\n\n  vec3 nightColor = pow(texture2D(nightTexture, vUv).rgb, vec3(2.2));\n  float dayStrength = smoothstep(-0.25, 0.5, sunOrientation);\n  float atmosphereDayStrength = smoothstep(-0.5, 1.0, sunOrientation);\n  float atmosphereMix = atmosphereDayStrength * pow(fresnel, 2.0);\n  atmosphereMix = clamp(atmosphereMix, 0.0, 1.0);\n\n  vec3 finalOutput = mix(nightColor, color, dayStrength);\n\tfinalOutput = mix(finalOutput, atmosphereColor, atmosphereMix);\n\n  gl_FragColor = vec4(finalOutput, 1.0);\n\n  #include <tonemapping_fragment>\n  #include <colorspace_fragment>\n}\n"},"radius":1,"segments":[64,64],"phiLength":6.283185307179586,"thetaLength":3.141592653589793},{"id":5,"name":"atmosphere","type":"Sphere","visible":true,"selectable":true,"transformable":true,"copiable":true,"deleteable":true,"moveable":true,"castShadow":false,"receiveShadow":false,"position":[0,0,0],"rotation":[0,0,0],"scale":[1.04,1.04,1.04],"children":[],"components":[],"material":{"type":"ShaderMaterial","uniforms":{"atmosphereDayColor":{"type":"color","value":"#4db2ff"},"atmosphereTwilightColor":{"type":"color","value":"#bc490b"},"roughnessLow":{"type":"number","value":0.25},"roughnessHigh":{"type":"number","value":0.35},"dayTexture":{"type":"texture","value":{"image":"Ei0oLyZoNVOK1PxA2nXa9"}},"nightTexture":{"type":"texture","value":{"image":"HCOtQ4rBT_x_BNyuQSAIe"}},"bumpRoughnessCloudsTexture":{"type":"texture","value":{"image":"VLmON8mpZBxZaHZrSwIl3"}},"uSunPosition":{"type":"vector3","value":[0,0,3]}},"vertexShader":"\nvarying vec2 vUv;\nvarying vec3 vCameraPosition;\nvarying vec3 vWorldPosition;\nvarying vec3 vNormal;\n\nvoid main() {\n  vUv = uv;\n  vCameraPosition = cameraPosition;\n  vWorldPosition = (modelMatrix * vec4(position, 1.0)).xyz;\n  vNormal = (transpose(inverse(modelMatrix)) * vec4(normal, 0.0)).xyz;\n  gl_Position = projectionMatrix * modelViewMatrix * vec4(position, 1.0);\n}\n","fragmentShader":"\nvarying vec2 vUv;\nvarying vec3 vCameraPosition;\nvarying vec3 vWorldPosition;\nvarying vec3 vNormal;\n\nuniform vec3 uSunPosition;\nuniform vec3 atmosphereDayColor;\nuniform vec3 atmosphereTwilightColor;\nuniform sampler2D bumpRoughnessCloudsTexture;\nuniform sampler2D dayTexture;\nuniform sampler2D nightTexture;\n\nfloat remap(float x, float a, float b, float c, float d) {\n  float t = clamp((x - a) / (b - a), 0.0, 1.0);\n  //float t = (x - a) / (b - a);\n\n  return c + t * (d - c);\n}\n\nvoid main() {\n  vec3 N = normalize(vNormal);\n  vec3 V = normalize(vCameraPosition - vWorldPosition);\n  float fresnel = 1.0 - abs(dot(V, N));\n\n  float sunOrientation = dot(N, normalize(uSunPosition));\n  float sunOrientationStep = smoothstep(-0.25, 0.75, sunOrientation);\n\n  vec3 atmosphereColor = mix(atmosphereTwilightColor, atmosphereDayColor, sunOrientationStep);\n\n  float alpha = remap(fresnel, 0.75, 1.0, 1.0, 0.0);\n  alpha = pow(alpha, 1.5);\n  alpha = alpha * smoothstep(-0.5, 1.0, sunOrientation);\n  \n  gl_FragColor = vec4(atmosphereColor, alpha);\n\n  #include <tonemapping_fragment>\n  #include <colorspace_fragment>\n}\n","side":1,"transparent":true},"radius":1,"segments":[64,64],"phiLength":6.283185307179586,"thetaLength":3.141592653589793}],"components":[],"index":6,"code":"WYbg9VJldjU-Y3u7oqfU1","ver":"1.0.0","company":"","author":"","date":"2025-05-27 03:58:26","debug":false,"backgroundColor":"#000000","backgroundTexture":"","backgroundBlurriness":0,"backgroundIntensity":1,"backgroundRotation":0,"environmentTexture":"","environmentIntensity":1,"environmentRotation":0,"fogEnable":false,"fogColor":"#000000","fogNear":10,"fogFar":100,"shadowMapEnabled":false,"shadowMapType":1,"effectEnabled":false,"effectMultisampling":4,"effectBloomLuminanceThreshold":0.9,"effectBloomLuminanceSmoothing":0.025,"effectBloomRadius":0.85,"effectBloomIntensity":0,"effectToneMappingMode":6,"effectN8aoHalfRes":true,"effectN8aoQualityMode":"Low","effectN8aoIntensity":5,"effectN8aoRadius":5,"effectN8aoDistanceFalloff":1,"effectN8aoColor":"#000","effectVignetteTechnique":0,"effectVignetteOffset":0.5,"effectVignetteDarkness":0.5,"gridEnable":true,"gridSize":50,"gridColor1":"#444444","gridColor2":"#888888","cameraPosition":[-2.3724085886275907,0.9604029233668995,2.150276761388302],"cameraTarget":[0.16953754385119496,-0.026779281387374405,-0.13291140467946025]}}