{"scene":{"id":0,"name":"环境贴图渲染","type":"Scene","visible":true,"selectable":true,"transformable":true,"copiable":false,"deleteable":false,"moveable":false,"castShadow":false,"receiveShadow":false,"position":[0,0,0],"rotation":[0,0,0],"scale":[1,1,1],"children":[{"id":1,"name":"环境光","type":"AmbientLight","visible":true,"selectable":true,"transformable":true,"copiable":true,"deleteable":true,"moveable":true,"castShadow":false,"receiveShadow":false,"position":[0,0,0],"rotation":[0,0,0],"scale":[1,1,1],"children":[],"components":[],"color":"#ffffff","intensity":1},{"id":2,"name":"平行光","type":"DirectionalLight","visible":true,"selectable":true,"transformable":true,"copiable":true,"deleteable":true,"moveable":true,"castShadow":false,"receiveShadow":false,"position":[4,6,3],"rotation":[0,0,0],"scale":[1,1,1],"children":[],"components":[],"color":"#ffffff","intensity":3,"shadowBias":0,"shadowCameraSize":10,"shadowMapSize":512},{"id":3,"name":"透视相机","type":"PerspectiveCamera","visible":true,"selectable":true,"transformable":true,"copiable":true,"deleteable":true,"moveable":true,"castShadow":false,"receiveShadow":false,"position":[0,15,30],"rotation":[-26.6,0,0],"scale":[1,1,1],"children":[],"components":[{"id":1,"type":"OrbitControls","name":"轨道控制","enabled":true,"distance":30}],"fov":45,"near":0.01,"far":1000},{"id":4,"name":"立方体","type":"Box","visible":true,"selectable":true,"transformable":true,"copiable":true,"deleteable":true,"moveable":true,"castShadow":false,"receiveShadow":false,"position":[0,0,0],"rotation":[0,0,0],"scale":[1,1,1],"children":[],"components":[],"material":{"type":"ShaderMaterial","uniforms":{"uEnvMap":{"type":"texture","value":{"image":"4Qki0XWwjlgfjWnRxx2jY"}}},"vertexShader":"\nvarying vec2 vUv;\nvarying vec3 vPosition;\n\nvoid main() {\n  vUv = uv;\n  vPosition = position;\n  vec4 clipPos = projectionMatrix * viewMatrix * vec4(position, 1.0);\n\n  gl_Position = clipPos.xyzw;\n}\n","fragmentShader":"\nvarying vec2 vUv;\nvarying vec3 vPosition;\n\nuniform sampler2D uEnvMap;\n\nconst vec2 invAtan = vec2(0.1591, 0.3183);\n\nvec2 SampleSphericalMap(vec3 v) {\n  vec2 uv = vec2(atan(v.z, v.x), asin(v.y));\n  uv *= invAtan;\n  uv += 0.5;\n  \n  return uv;\n}\n\nvoid main() {\n  vec2 uv = SampleSphericalMap(normalize(vPosition));\n\n  vec3 color = texture2D(uEnvMap, uv).rgb;\n\n  //color = pow(color, vec3(2.2));\n\n  gl_FragColor = vec4(color, 1.0);\n\n  #include <tonemapping_fragment>\n  #include <colorspace_fragment>\n}\n","depthWrite":true,"depthTest":true,"blending":1,"transparent":false},"size":[1,1,1],"segments":[1,1,1],"radius":0}],"components":[],"index":5,"code":"brgHKAphNMih_0UFk6QHe","ver":"1.0.0","company":"","author":"","date":"2025-05-27 03:58:31","debug":false,"backgroundColor":"rgb(53, 53, 53)","backgroundTexture":"","backgroundBlurriness":0,"backgroundIntensity":1,"backgroundRotation":0,"environmentTexture":"","environmentIntensity":1,"environmentRotation":0,"fogEnable":false,"fogColor":"#000000","fogNear":10,"fogFar":100,"shadowMapEnabled":false,"shadowMapType":1,"effectEnabled":false,"effectMultisampling":4,"effectBloomLuminanceThreshold":0.9,"effectBloomLuminanceSmoothing":0.025,"effectBloomRadius":0.85,"effectBloomIntensity":0,"effectToneMappingMode":6,"effectN8aoHalfRes":true,"effectN8aoQualityMode":"Low","effectN8aoIntensity":5,"effectN8aoRadius":5,"effectN8aoDistanceFalloff":1,"effectN8aoColor":"#000","effectVignetteTechnique":0,"effectVignetteOffset":0.5,"effectVignetteDarkness":0.5,"gridEnable":false,"gridSize":50,"gridColor1":"#444444","gridColor2":"#888888","cameraPosition":[-1.6059718415763542,1.0670697805021852,1.2176539184006734],"cameraTarget":[0.09397460164547386,-0.09085720489983995,-0.025423768615802807]}}