{"scene":{"id":0,"name":"物理材质","type":"Scene","visible":true,"selectable":true,"transformable":true,"copiable":false,"deleteable":false,"moveable":false,"castShadow":false,"receiveShadow":false,"position":[0,0,0],"rotation":[0,0,0],"scale":[1,1,1],"children":[{"id":1,"name":"环境光","type":"AmbientLight","visible":false,"selectable":true,"transformable":true,"copiable":true,"deleteable":true,"moveable":true,"castShadow":false,"receiveShadow":false,"position":[0,0,0],"rotation":[0,0,0],"scale":[1,1,1],"children":[],"components":[],"color":"#ffffff","intensity":1},{"id":2,"name":"平行光","type":"DirectionalLight","visible":false,"selectable":true,"transformable":true,"copiable":true,"deleteable":true,"moveable":true,"castShadow":false,"receiveShadow":false,"position":[4,6,3],"rotation":[0,0,0],"scale":[1,1,1],"children":[],"components":[],"color":"#ffffff","intensity":3,"shadowBias":0,"shadowCameraSize":10,"shadowMapSize":512},{"id":3,"name":"透视相机","type":"PerspectiveCamera","visible":true,"selectable":true,"transformable":true,"copiable":true,"deleteable":true,"moveable":true,"castShadow":false,"receiveShadow":false,"position":[0,0,10],"rotation":[0,0,0],"scale":[1,1,1],"children":[],"components":[{"id":1,"type":"OrbitControls","name":"轨道控制","enabled":true,"distance":10}],"fov":27,"near":0.01,"far":1000},{"id":"bd256501-b1e9-46c4-aa49-1d10f15fcf2c","name":"球体","type":"Sphere","visible":true,"selectable":true,"transformable":true,"copiable":true,"deleteable":true,"moveable":true,"castShadow":false,"receiveShadow":false,"position":[-1,1,0],"rotation":[0,0,0],"scale":[1,1,1],"children":[],"components":[{"id":"6bc689cd-1ca7-42b2-b9f3-fba2f4731aea","type":"SimpleScript","name":"脚本","enabled":true,"script":"class Script {\n  constructor(entity, scene) {\n    this.entity = entity\n    this.scene = scene\n  }\n\n  /** 脚本启用时调用 */\n  onEnable() {}\n\n  /** 脚本禁用时调用 */\n  onDisable() {}\n\n  /** 场景初始化完成调用 */\n  start() {\n    const material = this.entity.core.materialManager.getMaterial(this.entity.material)\n\n    const width = 512;\n    const height = 512\n\n\t\tconst canvas = document.createElement( 'canvas' );\n\t\tcanvas.width = width;\n\t\tcanvas.height = height;\n\n\t\tconst context = canvas.getContext( '2d' );\n\t\tcontext.fillStyle = 'rgb(127,127,255)';\n\t\tcontext.fillRect( 0, 0, width, height );\n\n\t\tfor ( let i = 0; i < 4000; i ++ ) {\n\n\t\t\tconst x = Math.random() * width;\n\t\t\tconst y = Math.random() * height;\n\t\t\tconst r = Math.random() * 3 + 3;\n\n\t\t\tlet nx = Math.random() * 2 - 1;\n\t\t\tlet ny = Math.random() * 2 - 1;\n\t\t\tlet nz = 1.5;\n\n\t\t\tconst l = Math.sqrt( nx * nx + ny * ny + nz * nz );\n\n\t\t\tnx /= l; ny /= l; nz /= l;\n\n\t\t\tcontext.fillStyle = 'rgb(' + ( nx * 127 + 127 ) + ',' + ( ny * 127 + 127 ) + ',' + ( nz * 255 ) + ')';\n\t\t\tcontext.beginPath();\n\t\t\tcontext.arc( x, y, r, 0, Math.PI * 2 );\n\t\t\tcontext.fill();\n\t\t}\n\n    material.normalMap.image = new window.VE.THREE.CanvasTexture(canvas)\n    material.normalMap.repeat = [10, 6]\n    material.normalScale = [0.15, 0.15]\n    material.material.needsUpdate = true\n    console.log(material.normalMap)\n  }\n\n  /** 场景每帧渲染时调用, delta为每帧时间, 单位秒 */\n  update(delta) {\n    this.entity.rotation.y += delta * 0.5;\n  }\n\n  /** 模型销毁时调用 */\n  destroy() {\n    \n  }\n}"}],"material":"8c4ecb3c-33b7-49d9-ae13-cc72c1b9814b","radius":0.8,"segments":[64,32],"phiLength":6.283185307179586,"thetaLength":3.141592653589793},{"id":"d6e4ddae-1d9a-4562-ba2c-52913b5250ed","name":"球体","type":"Sphere","visible":true,"selectable":true,"transformable":true,"copiable":true,"deleteable":true,"moveable":true,"castShadow":false,"receiveShadow":false,"position":[1,1,0],"rotation":[0,0,0],"scale":[1,1,1],"children":[],"components":[{"id":"43afc046-1440-43d9-a8d2-f9eb79ab358f","type":"SimpleScript","name":"脚本","enabled":true,"script":"class Script {\n  constructor(entity, scene) {\n    this.entity = entity\n    this.scene = scene\n  }\n\n  /** 脚本启用时调用 */\n  onEnable() {}\n\n  /** 脚本禁用时调用 */\n  onDisable() {}\n\n  /** 场景初始化完成调用 */\n  start() {\n             \n  }\n\n  /** 场景每帧渲染时调用, delta为每帧时间, 单位秒 */\n  update(delta) {\n        this.entity.rotation.y += delta * 0.5;\n  }\n\n  /** 模型销毁时调用 */\n  destroy() {\n    \n  }\n}"}],"material":"2c6a4634-7a83-4ecd-9bc1-0914aeade60e","radius":0.8,"segments":[64,32],"phiLength":6.283185307179586,"thetaLength":3.141592653589793},{"id":"32be33c4-222f-444a-9c55-16600b4ed42f","name":"球体","type":"Sphere","visible":true,"selectable":true,"transformable":true,"copiable":true,"deleteable":true,"moveable":true,"castShadow":false,"receiveShadow":false,"position":[-1,-1,0],"rotation":[0,0,0],"scale":[1,1,1],"children":[],"components":[{"id":"f85d5a27-29cd-4a5f-9902-973493623b22","type":"SimpleScript","name":"脚本","enabled":true,"script":"class Script {\n  constructor(entity, scene) {\n    this.entity = entity\n    this.scene = scene\n  }\n\n  /** 脚本启用时调用 */\n  onEnable() {}\n\n  /** 脚本禁用时调用 */\n  onDisable() {}\n\n  /** 场景初始化完成调用 */\n  start() {\n             \n  }\n\n  /** 场景每帧渲染时调用, delta为每帧时间, 单位秒 */\n  update(delta) {\n        this.entity.rotation.y += delta * 0.5;\n  }\n\n  /** 模型销毁时调用 */\n  destroy() {\n    \n  }\n}"}],"material":"23322ad3-3b8c-472d-8816-0fdac2de2696","radius":0.8,"segments":[64,32],"phiLength":6.283185307179586,"thetaLength":3.141592653589793},{"id":"566b13da-cf35-4aec-9e6f-abd98de312f2","name":"球体","type":"Sphere","visible":true,"selectable":true,"transformable":true,"copiable":true,"deleteable":true,"moveable":true,"castShadow":false,"receiveShadow":false,"position":[1,-1,0],"rotation":[0,0,0],"scale":[1,1,1],"children":[],"components":[{"id":"bfa4e50c-28ee-400b-9fae-6d283f212c83","type":"SimpleScript","name":"脚本","enabled":true,"script":"class Script {\n  constructor(entity, scene) {\n    this.entity = entity\n    this.scene = scene\n  }\n\n  /** 脚本启用时调用 */\n  onEnable() {}\n\n  /** 脚本禁用时调用 */\n  onDisable() {}\n\n  /** 场景初始化完成调用 */\n  start() {\n             \n  }\n\n  /** 场景每帧渲染时调用, delta为每帧时间, 单位秒 */\n  update(delta) {\n        this.entity.rotation.y += delta * 0.5;\n  }\n\n  /** 模型销毁时调用 */\n  destroy() {\n    \n  }\n}"}],"material":"33bf1663-e271-49ad-a63e-4edd05a49f73","radius":0.8,"segments":[64,32],"phiLength":6.283185307179586,"thetaLength":3.141592653589793},{"id":"513f3e98-c830-4779-ab45-e777c865f9ea","name":"球体","type":"Sphere","visible":true,"selectable":true,"transformable":true,"copiable":true,"deleteable":true,"moveable":true,"castShadow":false,"receiveShadow":false,"position":[-0.854,0.423,8.044],"rotation":[0,0,0],"scale":[1,1,1],"children":[{"id":"f3b63b7e-b391-4915-85d1-5fc8cb126fbb","name":"点光源","type":"PointLight","visible":true,"selectable":true,"transformable":true,"copiable":true,"deleteable":true,"moveable":true,"castShadow":false,"receiveShadow":false,"position":[0,0,0],"rotation":[0,0,0],"scale":[1,1,1],"children":[],"components":[],"color":"#ffffff","intensity":30,"distance":10,"decay":2,"shadowBias":0,"shadowMapSize":512}],"components":[{"id":"95e242ae-553b-40d5-99c4-ed37aad085b7","type":"SimpleScript","name":"脚本","enabled":true,"script":"class Script {\n  constructor(entity, scene) {\n    this.entity = entity\n    this.scene = scene\n  }\n\n  /** 脚本启用时调用 */\n  onEnable() { }\n\n  /** 脚本禁用时调用 */\n  onDisable() { }\n\n  /** 场景初始化完成调用 */\n  start() {\n\n  }\n\n  /** 场景每帧渲染时调用, delta为每帧时间, 单位秒 */\n  update(delta) {\n    const time = this.entity.core.timeManager.elapsedTime * 0.1;\n\n    this.entity.position.x = Math.sin(time * 7) * 3;\n    this.entity.position.y = Math.cos(time * 5) * 4;\n    this.entity.position.z = Math.cos(time * 3) * 3;\n  }\n\n  /** 模型销毁时调用 */\n  destroy() {\n\n  }\n}"}],"material":"7e0be6db-650d-4057-ac15-381a3c4cbb53","radius":0.05,"segments":[64,32],"phiLength":6.283185307179586,"thetaLength":3.141592653589793}],"components":[],"code":"ZQ6ogGa96pmByLgTKtALX","ver":"1.0.0","company":"","author":"","date":"2025-06-14 08:02:08","debug":false,"backgroundColor":"rgb(53, 53, 53)","backgroundTexture":"XXvOkZeDF1SIl_EdicIXQ","backgroundBlurriness":0,"backgroundIntensity":1,"backgroundRotation":0,"environmentTexture":"XXvOkZeDF1SIl_EdicIXQ","environmentIntensity":0.5,"environmentRotation":0,"fogEnable":false,"fogColor":"#000000","fogNear":10,"fogFar":100,"shadowMapEnabled":false,"shadowMapType":1,"effectEnabled":false,"effectMultisampling":0,"effectBloomLuminanceThreshold":0.9,"effectBloomLuminanceSmoothing":0.025,"effectBloomRadius":0.85,"effectBloomIntensity":0,"effectToneMappingMode":6,"effectN8aoHalfRes":true,"effectN8aoQualityMode":"Low","effectN8aoIntensity":5,"effectN8aoRadius":5,"effectN8aoDistanceFalloff":1,"effectN8aoColor":"#000","effectVignetteTechnique":0,"effectVignetteOffset":0.5,"effectVignetteDarkness":0.5,"gridEnable":false,"gridSize":50,"gridColor1":"#444444","gridColor2":"#888888","cameraPosition":[0.43284431777636867,-0.3717506515766715,5.310351149585105],"cameraTarget":[0.23309454495663726,-0.044252735714525614,1.5297632133819914]},"materials":[{"id":"8c4ecb3c-33b7-49d9-ae13-cc72c1b9814b","name":"","type":"MeshPhysicalMaterial","transparent":false,"opacity":1,"alphaTest":0,"depthTest":true,"depthWrite":true,"side":0,"blending":1,"color":"#0000ff","metalness":0.9,"roughness":0.5,"emissive":"#000000","emissiveIntensity":1,"envMapIntensity":1,"aoMapIntensity":1,"normalScale":[0.15,0.15],"bumpScale":1,"displacementScale":1,"displacementBias":0,"lightMapIntensity":1,"anisotropy":0,"anisotropyRotation":0,"attenuationColor":"#ffffff","attenuationDistance":null,"clearcoat":1,"clearcoatNormalScale":[1,1],"clearcoatRoughness":0.1,"dispersion":0,"ior":1.4999999999999998,"reflectivity":0.49999999999999983,"iridescence":0,"iridescenceIOR":1.3,"iridescenceThicknessRange":[100,400],"sheen":0,"sheenRoughness":1,"sheenColor":"#000000","specularIntensity":1,"specularColor":"#ffffff","thickness":0,"transmission":0},{"id":"2c6a4634-7a83-4ecd-9bc1-0914aeade60e","name":"","type":"MeshPhysicalMaterial","transparent":false,"opacity":1,"alphaTest":0,"depthTest":true,"depthWrite":true,"side":0,"blending":1,"color":"#ffffff","metalness":0,"roughness":0.5,"emissive":"#000000","emissiveIntensity":1,"envMapIntensity":1,"aoMapIntensity":1,"normalScale":[1,1],"bumpScale":1,"displacementScale":1,"displacementBias":0,"lightMapIntensity":1,"map":{"image":"1tw6tLOuuDup9Pwfjzhpy","mapping":300,"wrapS":1000,"wrapT":1000,"offset":[0,0],"repeat":[10,10],"center":[0,0],"rotation":0,"colorSpace":"srgb","flipY":true,"channel":0},"normalMap":{"image":"Jn4G64X9yJ-lU6rbhz04A","mapping":300,"wrapS":1000,"wrapT":1000,"offset":[0,0],"repeat":[10,10],"center":[0,0],"rotation":0,"colorSpace":"","flipY":true,"channel":0},"anisotropy":0,"anisotropyRotation":0,"attenuationColor":"#ffffff","attenuationDistance":null,"clearcoat":1,"clearcoatNormalScale":[1,1],"clearcoatRoughness":0.1,"dispersion":0,"ior":1.4999999999999998,"reflectivity":0.49999999999999983,"iridescence":0,"iridescenceIOR":1.3,"iridescenceThicknessRange":[100,400],"sheen":0,"sheenRoughness":1,"sheenColor":"#000000","specularIntensity":1,"specularColor":"#ffffff","thickness":0,"transmission":0},{"id":"23322ad3-3b8c-472d-8816-0fdac2de2696","name":"","type":"MeshPhysicalMaterial","transparent":false,"opacity":1,"alphaTest":0,"depthTest":true,"depthWrite":true,"side":0,"blending":1,"color":"#ffffff","metalness":0,"roughness":0.1,"emissive":"#000000","emissiveIntensity":1,"envMapIntensity":1,"aoMapIntensity":1,"normalScale":[1,1],"bumpScale":1,"displacementScale":1,"displacementBias":0,"lightMapIntensity":1,"normalMap":{"image":"hL8oaL0KLcAX6EBnSenqp","mapping":300,"wrapS":1000,"wrapT":1000,"offset":[0,0],"repeat":[1,1],"center":[0,0],"rotation":0,"colorSpace":"","flipY":true,"channel":0},"anisotropy":0,"anisotropyRotation":0,"attenuationColor":"#ffffff","attenuationDistance":null,"clearcoat":1,"clearcoatNormalScale":[2,-2],"clearcoatRoughness":0,"dispersion":0,"ior":1.4999999999999998,"reflectivity":0.49999999999999983,"iridescence":0,"iridescenceIOR":1.3,"iridescenceThicknessRange":[100,400],"sheen":0,"sheenRoughness":1,"sheenColor":"#000000","specularIntensity":1,"specularColor":"#ffffff","thickness":0,"transmission":0,"clearcoatNormalMap":{"image":"cSjeGQJugvMxnVMJTY-5U","mapping":300,"wrapS":1000,"wrapT":1000,"offset":[0,0],"repeat":[1,1],"center":[0,0],"rotation":0,"colorSpace":"","flipY":true,"channel":0}},{"id":"33bf1663-e271-49ad-a63e-4edd05a49f73","name":"","type":"MeshPhysicalMaterial","transparent":false,"opacity":1,"alphaTest":0,"depthTest":true,"depthWrite":true,"side":0,"blending":1,"color":"#ff0000","metalness":1,"roughness":1,"emissive":"#000000","emissiveIntensity":1,"envMapIntensity":1,"aoMapIntensity":1,"normalScale":[0.15,0.15],"bumpScale":1,"displacementScale":1,"displacementBias":0,"lightMapIntensity":1,"normalMap":{"image":"8pYAt9Q5ICPxjuR8Sk9su","mapping":300,"wrapS":1000,"wrapT":1000,"offset":[0,0],"repeat":[1,1],"center":[0,0],"rotation":0,"colorSpace":"","flipY":true,"channel":0},"anisotropy":0,"anisotropyRotation":0,"attenuationColor":"#ffffff","attenuationDistance":null,"clearcoat":1,"clearcoatNormalScale":[2,-2],"clearcoatRoughness":0,"dispersion":0,"ior":1.4999999999999998,"reflectivity":0.49999999999999983,"iridescence":0,"iridescenceIOR":1.3,"iridescenceThicknessRange":[100,400],"sheen":0,"sheenRoughness":1,"sheenColor":"#000000","specularIntensity":1,"specularColor":"#ffffff","thickness":0,"transmission":0,"clearcoatNormalMap":{"image":"cSjeGQJugvMxnVMJTY-5U","mapping":300,"wrapS":1000,"wrapT":1000,"offset":[0,0],"repeat":[1,1],"center":[0,0],"rotation":0,"colorSpace":"","flipY":true,"channel":0}},{"id":"7e0be6db-650d-4057-ac15-381a3c4cbb53","name":"","type":"MeshBasicMaterial","transparent":false,"opacity":1,"alphaTest":0,"depthTest":true,"depthWrite":true,"side":0,"blending":1,"color":"#ffffff","reflectivity":1,"refractionRatio":0.98,"aoMapIntensity":1,"lightMapIntensity":1}]}